City_ID,City,Lat,Lng,Max Temp,Humidity,Cloudiness,Wind Speed,Date
0,margaret river,-36.1735,92.7428,13.27,66,100,8.57,1690381506
1,tazovsky,82.3057,73.656,0.17,96,100,3.86,1690381507
2,fale old settlement,-6.1947,-159.6749,27.87,72,80,8.83,1690381507
3,ilulissat,87.837,-52.6846,0.32,92,100,5.39,1690381511
4,port-aux-francais,-70.1194,101.7936,-56.45,76,94,7.47,1690381513
5,tarancon,39.8683,-3.0423,31.38,20,0,1.39,1690381514
6,reggane,27.4168,0.4638,46.74,5,0,4.37,1690381515
7,puerto natales,-67.4888,-92.0603,-3.15,95,100,9.17,1690381515
8,longyearbyen,88.2354,7.9998,0.25,90,100,5.49,1690381516
9,nemuro,38.2497,156.7598,23.37,82,3,6.0,1690381516
10,egremont,54.3477,-3.7131,18.9,77,100,6.31,1690381517
11,port-aux-francais,-38.1943,69.1921,13.23,86,82,9.49,1690381517
12,invercargill,-85.1059,161.3414,-42.86,79,77,8.48,1690381517
13,port mathurin,-21.9241,67.4459,22.79,78,1,7.91,1690381518
14,kimbe,-4.0964,149.4744,28.91,71,99,9.15,1690381518
15,college,86.9888,-146.6482,0.27,85,100,6.28,1690381518
16,kingston,-33.7153,166.2774,14.87,63,99,9.45,1690381519
17,haiku-pauwela,30.4782,-149.32,22.79,74,13,3.48,1690381519
18,puerto aysen,-46.6491,-77.392,6.44,63,100,3.4,1690381520
19,port hedland,-19.2155,118.7626,21.81,47,66,2.6,1690381520
20,stanley,-52.7684,-56.9218,3.28,73,100,10.51,1690381520
21,adamstown,-14.0807,-114.0881,23.72,74,4,6.27,1690381521
22,merizo village,8.2871,143.3527,28.12,81,100,12.98,1690381521
23,bokani,9.745,5.094,30.93,61,96,0.9,1690381526
24,edinburgh of the seven seas,-55.6885,-8.5902,-3.05,63,100,15.81,1690381527
25,timbiqui,3.1684,-77.6068,25.58,87,100,2.06,1690381527
26,haapsalu,58.1795,23.5953,20.03,73,100,6.86,1690381527
27,yaren,-4.646,166.9231,28.87,77,100,4.97,1690381528
28,tofol,3.7715,163.0979,28.6,73,12,4.18,1690381528
29,nagqu,32.5045,94.5847,2.32,82,46,1.35,1690381528
30,yellowknife,72.4619,-109.1927,18.65,34,5,2.54,1690381529
31,bethel,55.6833,-174.8949,8.51,98,100,5.7,1690381529
32,adamstown,-68.3865,-137.1229,-17.55,96,100,9.09,1690381530
33,rantepao,-2.4213,119.9724,16.44,98,100,0.86,1690381530
34,whitehorse,64.0094,-134.642,11.83,66,18,1.21,1690381530
35,port-aux-francais,-51.9781,45.5203,1.58,80,100,12.35,1690381531
36,adamstown,-42.4298,-108.095,10.15,93,100,8.92,1690381531
37,bich'vinta,42.6525,40.0142,25.73,66,0,3.57,1690381532
38,adamstown,-53.4915,-113.6355,4.92,94,100,12.73,1690381532
39,edinburgh of the seven seas,-71.5659,4.0445,-27.78,65,95,3.48,1690381532
40,atafu village,-2.9242,-169.9274,28.36,76,25,6.93,1690381538
41,xinzo de limia,41.8434,-7.9344,26.43,44,0,0.53,1690381538
42,atherton,-17.6069,145.0106,15.81,91,100,5.94,1690381538
43,muzaffarabad,34.6814,73.6201,17.89,93,76,1.35,1690381539
44,vernon,47.6589,-128.0936,15.27,80,2,3.21,1690381539
45,bethel,52.741,-161.1711,10.86,99,100,4.04,1690381539
46,prince rupert,45.9508,-136.7319,15.82,77,100,5.87,1690381540
47,riosucio,6.8957,-78.5575,25.26,89,100,7.25,1690381540
48,flying fish cove,-9.9675,105.9927,25.77,79,98,7.87,1690381541
49,port-aux-francais,-49.9797,87.9603,2.69,67,100,5.11,1690381541
50,adamstown,-29.7709,-116.8825,21.0,82,100,20.75,1690381542
51,salalah,18.9952,52.6516,44.77,11,16,2.71,1690381542
52,faya-largeau,20.0966,20.3646,39.49,6,3,6.21,1690381542
53,dampit,-13.4595,112.2828,24.91,71,11,7.57,1690381542
54,port-aux-francais,-78.0022,100.7821,-64.02,100,100,5.86,1690381543
55,nova sintra,11.808,-29.3958,27.43,80,83,3.54,1690381543
56,grytviken,-62.083,-35.1928,-2.98,94,100,10.78,1690381543
57,parabel',58.8436,82.1684,19.28,80,12,2.29,1690381545
58,port lincoln,-31.71,128.5053,17.63,31,100,7.09,1690381545
59,georgetown,0.1619,-16.6915,23.4,81,56,5.44,1690381546
60,thompson,58.6538,-95.6264,14.29,62,99,3.86,1690381546
61,adamstown,-20.7508,-121.6586,23.77,80,100,7.84,1690381547
62,yellowknife,60.3401,-113.6845,18.22,48,100,4.4,1690381547
63,adamstown,-35.8319,-141.5933,12.2,60,6,4.15,1690381548
64,longyearbyen,74.1107,17.4136,5.58,89,20,6.47,1690381548
65,waitangi,-85.8611,-139.2652,-41.82,71,30,7.3,1690381549
66,namtsy,64.9745,128.5386,10.9,70,24,3.08,1690381549
67,aguas vermelhas,-15.8289,-41.8298,24.83,46,19,3.03,1690381549
68,jamestown,-10.8384,-3.797,21.2,77,100,6.22,1690381550
69,hermanus,-60.8881,9.3441,-12.55,91,100,4.46,1690381550
70,vilyuysk,63.2825,121.3186,15.93,53,80,3.41,1690381551
71,invercargill,-52.6756,161.4512,3.47,59,86,17.6,1690381551
72,ola,56.0131,151.3605,11.42,93,100,6.73,1690381551
73,whitehorse,81.6285,-127.4834,0.37,98,100,3.43,1690381551
74,port elizabeth,-78.3574,28.8728,-46.2,100,100,4.54,1690381551
75,grytviken,-47.8655,-45.0884,8.46,79,100,13.83,1690381552
76,burton,-34.554,138.4654,12.68,79,0,3.59,1690381552
77,vila velha,-26.138,-27.0774,20.88,64,100,4.89,1690381553
78,college,73.4848,-157.0389,-0.33,99,100,4.43,1690381553
79,margate,-40.2061,41.6008,14.75,91,0,8.66,1690381553
80,karratha,-19.6089,116.2236,22.92,62,90,3.44,1690381553
81,vingt cinq,-7.2805,65.7646,26.57,74,47,8.52,1690381554
82,tralee,52.7859,-17.7784,15.64,95,100,11.06,1690381554
83,talnakh,75.1229,95.7087,18.15,36,81,2.59,1690381554
84,port saint john's,-40.5479,37.5818,14.85,85,14,9.75,1690381554
85,male,4.0854,75.3929,28.57,72,100,2.05,1690381555
86,missoula,46.6951,-113.9813,12.7,60,2,0.54,1690381555
87,sitka,39.1052,-144.1268,19.44,77,100,3.13,1690381555
88,tarhuna,32.5278,13.358,37.2,36,0,6.84,1690381555
89,quellon,-48.1265,-89.742,7.1,94,100,11.98,1690381556
90,codrington,27.1908,-48.2835,26.57,73,21,7.01,1690381556
91,constitucion,-34.2696,-73.2472,12.56,74,99,9.6,1690381556
92,grytviken,-44.6862,-38.2456,6.89,57,95,5.72,1690381557
93,shengli,37.4057,118.6078,25.94,75,69,4.89,1690381557
94,port-aux-francais,-62.1446,43.6615,-3.76,89,100,7.92,1690381557
95,srikakulam,16.073,85.7226,27.52,87,70,12.5,1690381558
96,port saint john's,-45.2475,42.079,7.57,99,100,10.91,1690381558
97,grytviken,-57.4763,-17.7457,-3.72,70,100,9.45,1690381558
98,addiet canna,11.3113,37.1912,18.33,78,100,1.05,1690381559
99,moa,21.5402,-74.6744,28.83,78,62,8.21,1690381559
100,olonkinbyen,71.8604,-11.3338,3.81,94,100,5.82,1690381559
101,coquimbo,-28.5286,-89.5737,18.71,84,100,5.12,1690381559
102,aasiaat,86.6698,-61.7925,0.64,79,98,4.5,1690381561
103,daru,-10.8451,138.0493,25.3,81,80,5.76,1690381561
104,port-aux-francais,-52.9977,52.5133,1.06,68,62,19.49,1690381562
105,gaspe,50.4132,-62.6042,21.32,69,100,2.85,1690381562
106,ribeira grande,20.2487,-41.7189,26.88,79,13,8.21,1690381562
107,guerrero negro,21.6641,-124.0527,21.48,88,29,4.12,1690381563
108,waitangi,-56.1836,-145.7554,1.92,92,100,5.29,1690381563
109,albany,-54.8269,123.348,1.56,77,100,11.74,1690381563
110,port elizabeth,-58.5288,31.0939,-2.56,70,23,19.26,1690381564
111,adamstown,-23.4937,-137.3563,22.37,72,55,5.74,1690381564
112,renk,11.3387,32.3347,28.31,63,100,6.77,1690381564
113,dan gora,11.5851,8.0422,34.29,34,36,2.0,1690381565
114,vila velha,-27.1307,-26.4877,20.67,59,92,1.24,1690381566
115,grytviken,-84.4158,-30.7641,-30.66,95,100,9.5,1690381566
116,rusape,-18.1849,32.6279,20.18,49,62,2.17,1690381566
117,port-aux-francais,-55.3956,72.3418,-0.49,93,100,14.94,1690381567
118,taulaga,-10.9096,-170.2166,27.36,73,100,7.97,1690381567
119,grytviken,-73.6342,-27.7993,-8.71,95,100,6.45,1690381567
120,bethel,65.7851,-164.5986,8.59,93,100,2.53,1690381568
121,waitangi,-79.3202,-159.7313,-43.61,84,97,2.04,1690381568
122,nyanza,-2.2961,29.7928,26.71,26,13,3.71,1690381568
123,klyuchi,62.7706,161.915,10.46,88,63,0.27,1690381569
124,ushuaia,-87.747,-90.4137,-43.22,98,100,7.49,1690381569
125,tamandare,-8.7619,-34.4955,25.97,72,12,5.85,1690381569
126,bayside,41.0742,-123.5658,6.73,81,0,0.89,1690381570
127,nantucket,39.3344,-67.9053,25.59,76,5,4.6,1690381570
128,thompson,71.253,-90.6256,1.67,90,98,4.66,1690381571
129,port-aux-francais,-56.6513,70.3643,-0.66,96,100,16.04,1690381571
130,ijuw,0.0657,168.522,28.31,78,100,6.11,1690381572
131,las veredas,23.4359,-108.4214,28.36,75,98,2.66,1690381572
132,waitangi,-72.0103,-163.9543,-28.32,100,100,7.8,1690381572
133,san felipe,21.5738,-101.2327,14.69,86,100,1.47,1690381573
134,blackmans bay,-59.6501,148.7988,0.16,83,99,15.74,1690381573
135,puente alto,-33.7294,-69.9324,-11.71,42,100,1.9,1690381573
136,yellowknife,69.5449,-121.3731,15.41,77,100,2.97,1690381574
137,port alfred,-37.1278,28.4204,17.76,95,99,7.33,1690381574
138,puerto penasco,31.0647,-113.3699,31.68,79,0,7.11,1690381574
139,port-aux-francais,-82.0946,43.2246,-51.91,100,100,3.99,1690381574
140,waitangi,-70.3327,-139.5267,-21.44,100,100,10.89,1690381575
141,labytnangi,82.9925,71.1172,-0.03,95,100,4.49,1690381575
142,adamstown,-9.7256,-123.1579,25.51,71,40,5.94,1690381575
143,karapinar,37.7674,33.6433,32.46,14,0,4.91,1690381576
144,bredasdorp,-45.5623,21.4804,5.89,74,100,9.66,1690381576
145,grytviken,-74.598,-23.5262,-16.42,95,100,9.2,1690381576
146,longyearbyen,81.1232,14.072,0.37,96,100,3.62,1690381577
147,waitangi,-74.4799,-144.1499,-28.8,99,100,11.0,1690381577
148,waitangi,-62.6498,-178.9971,-1.71,62,100,7.24,1690381577
149,iquitos,-3.6739,-73.2839,28.97,84,0,1.54,1690381578
150,bikenibeu village,1.4529,177.1146,27.93,79,100,3.23,1690381578
151,puerto natales,-62.1521,-99.5742,-0.07,79,100,13.42,1690381579
152,fale old settlement,-3.1265,-159.1592,27.87,78,16,9.26,1690381579
153,blackmans bay,-86.8103,127.9453,-51.04,97,100,7.88,1690381579
154,badger,87.8788,-136.6846,0.17,91,100,6.65,1690381580
155,port elizabeth,-80.1285,30.7609,-49.81,100,100,3.16,1690381580
156,cianorte,-23.3944,-52.796,24.62,51,100,4.41,1690381581
157,port-aux-francais,-39.6219,80.0801,13.5,94,100,12.53,1690381581
158,satipo,-10.542,-74.096,28.45,53,23,0.67,1690381581
159,port augusta,-30.6609,134.5802,14.21,45,0,5.31,1690381582
160,waitangi,-52.5178,-165.3827,8.56,85,100,16.52,1690381582
161,chibougamau,51.6957,-75.8917,16.74,81,78,3.58,1690381582
162,port alfred,-35.9196,28.3741,18.73,89,50,6.42,1690381583
163,puerto natales,-70.9734,-95.4236,-4.11,96,100,6.14,1690381583
164,pangody,70.3316,72.8998,7.56,73,100,6.19,1690381584
165,grytviken,-87.7651,-12.827,-43.46,99,100,5.99,1690381584
166,port-aux-francais,-88.1624,59.3833,-51.43,100,100,4.48,1690381584
167,punta arenas,-55.7298,-70.9981,3.25,58,100,10.12,1690381585
168,tromso,72.2313,19.0386,9.3,87,13,6.3,1690381585
169,talnakh,86.4937,100.4373,-0.54,93,61,2.44,1690381586
170,yellowknife,77.3303,-99.7162,1.33,90,45,1.95,1690381587
171,thompson,77.4982,-92.9143,0.89,94,100,2.25,1690381587
172,howard springs,-15.458,132.2536,16.47,36,5,1.77,1690381587
173,longmen,25.5063,117.7552,22.77,82,100,3.32,1690381588
174,arraial do cabo,-35.3119,-34.9864,13.37,74,100,12.02,1690381588
175,fisterra,42.6292,-10.5574,19.33,79,8,6.82,1690381589
176,georgetown,-4.1691,-8.6818,24.14,74,61,5.15,1690381589
177,sisimiut,67.4133,-58.3216,-0.62,98,100,3.95,1690381590
178,annaba,37.1494,8.105,30.03,65,3,5.66,1690381590
179,hamilton,34.1485,-53.3344,25.6,75,100,3.29,1690381591
180,adamstown,-53.9539,-136.9302,4.12,91,91,6.44,1690381591
181,tazovsky,81.4241,72.4078,0.6,94,100,3.14,1690381591
182,puerto natales,-62.5927,-93.8554,-0.37,82,100,13.64,1690381591
183,fortuna,39.4962,-127.0547,16.99,85,0,9.99,1690381592
184,key west,24.356,-81.5,31.0,69,38,5.88,1690381592
185,ghadamis,31.1468,9.0281,45.53,6,0,2.84,1690381592
186,jasper,38.327,-86.6001,27.3,83,85,3.75,1690381593
187,sinop,-9.9196,-55.5309,32.33,27,6,2.02,1690381594
188,iqaluit,80.5658,-67.9124,1.15,99,100,2.32,1690381594
189,melekeok village,7.2172,136.9169,26.93,83,100,9.44,1690381595
190,lazaro cardenas,27.5484,-118.4702,19.29,92,24,3.54,1690381595
191,howrah,-47.1859,155.5983,7.87,62,55,11.74,1690381596
192,luderitz,-27.7986,3.1552,16.77,67,51,5.56,1690381596
193,kailua-kona,14.8835,-158.1406,25.57,86,8,9.1,1690381596
194,selfoss,58.8408,-20.2734,13.77,97,100,12.1,1690381597
195,xilin hot,44.2124,116.851,15.33,97,98,1.66,1690381597
196,la sarre,50.9542,-79.6159,20.63,54,51,3.5,1690381597
197,kayangel,10.6367,132.6999,27.91,75,100,4.62,1690381598
198,talnakh,89.4608,92.3516,-0.03,93,100,6.34,1690381603
199,anadyr,71.7085,174.8483,0.12,99,100,2.42,1690381603
200,boyolangu,-8.7712,111.877,24.59,81,78,6.27,1690381603
201,bethel,64.2195,-177.8499,8.06,98,100,7.97,1690381604
202,vadso,80.8725,33.8109,0.52,93,100,3.11,1690381604
203,college,70.7578,-150.3289,1.13,99,100,5.37,1690381604
204,kidal,19.0176,4.2651,43.14,8,4,2.42,1690381604
205,kapa'a,36.207,-159.5904,20.76,82,17,5.37,1690381604
206,st. john's,44.8918,-46.6698,15.68,92,99,1.85,1690381605
207,labytnangi,72.9988,68.0469,8.21,71,88,5.36,1690381605
208,adamstown,-50.7475,-142.1766,7.14,80,27,5.34,1690381605
209,la passe,2.4925,56.4484,26.77,85,58,7.44,1690381606
210,lebu,-38.2766,-102.5763,12.88,96,100,7.92,1690381606
211,port-aux-francais,-78.4491,102.1518,-63.4,100,97,5.9,1690381607
212,bredasdorp,-85.9536,26.3033,-48.42,99,100,4.18,1690381607
213,lompoc,25.5548,-130.0161,19.85,82,100,7.46,1690381608
214,kristiansund,72.3049,3.2836,7.43,93,100,8.04,1690381608
215,ylitornio,66.8866,24.1936,19.1,55,86,2.22,1690381608
216,hawaiian paradise park,3.8909,-151.1773,27.54,77,14,3.82,1690381608
217,enewetak,14.8095,161.9105,28.18,79,24,5.83,1690381609
218,matoury,2.1628,-53.231,29.94,54,25,2.2,1690381609
219,taiohae,-2.8268,-132.2281,26.58,73,6,6.05,1690381609
220,keflavik,63.1829,-24.8469,11.22,87,100,14.19,1690381615
221,edinburgh of the seven seas,-84.7681,4.8518,-45.86,100,100,5.05,1690381615
222,puerto ayora,0.3373,-91.4074,25.66,81,9,3.28,1690381615
223,vadso,79.1433,30.0549,1.25,90,95,3.93,1690381615
224,isafjordur,70.5572,-26.9269,4.75,98,100,1.68,1690381616
225,hotan,37.3377,82.9433,33.15,18,57,4.63,1690381616
226,richmond hill,31.5696,-81.1903,30.07,65,76,1.58,1690381616
227,kourou,12.5457,-49.6328,27.94,77,26,7.37,1690381616
228,sechura,-5.8944,-81.5719,22.14,78,95,5.52,1690381617
229,edinburgh of the seven seas,-27.7092,-21.1547,19.57,59,88,3.32,1690381617
230,sao joao da barra,-28.2862,-29.4999,20.55,68,93,2.44,1690381617
231,tazovsky,87.9872,76.5867,-0.91,93,78,3.52,1690381617
232,wailua homesteads,35.1428,-173.0922,22.49,85,96,6.91,1690381617
233,edinburgh of the seven seas,-81.9801,1.6406,-37.48,98,100,5.82,1690381618
234,port mathurin,-27.1459,62.8114,18.99,82,100,2.22,1690381618
235,bethel,69.2034,-160.6535,14.46,89,100,1.34,1690381618
236,san luis,21.3872,-83.6821,29.55,71,21,6.89,1690381618
237,bilibino,89.3553,164.3454,-0.13,92,100,6.9,1690381619
238,ruayer,42.8512,-5.4772,26.66,40,10,1.25,1690381619
239,springbok,-30.4881,16.9769,13.79,88,97,6.52,1690381619
240,enewetak,20.8023,158.4537,27.45,72,100,4.32,1690381619
241,grytviken,-51.8537,-29.4756,0.93,85,58,11.15,1690381620
242,luwuk,-1.5337,124.6944,26.57,77,66,2.35,1690381620
243,adamstown,-50.8659,-116.3104,4.45,96,100,14.7,1690381620
244,puerto ayora,-10.4675,-109.2854,24.85,69,100,8.28,1690381621
245,vadso,74.1311,28.7516,7.81,96,100,4.38,1690381621
246,hawaiian paradise park,12.3163,-139.9079,26.43,80,91,10.35,1690381621
247,hawaiian paradise park,14.2981,-154.5236,25.66,86,17,8.64,1690381622
248,sidney,48.5915,-105.3547,22.55,38,75,1.34,1690381622
249,mount gambier,-47.6664,131.4949,8.63,95,100,6.6,1690381622
250,aasiaat,77.3698,-55.2449,-4.77,86,25,4.45,1690381622
251,papatowai,-83.7564,177.2424,-37.71,62,73,1.54,1690381623
252,avarua,-32.916,-157.8815,15.77,77,0,8.18,1690381623
253,georgetown,-11.9309,-22.9967,23.67,62,99,6.8,1690381623
254,taiohae,2.1207,-125.4404,26.15,80,84,6.6,1690381624
255,vauvert,43.6598,4.2812,29.78,28,0,5.14,1690381624
256,shibata,37.7927,139.5754,19.91,90,1,0.54,1690381624
257,vilyuysk,62.5766,121.4835,14.91,57,96,2.75,1690381625
258,saint-philippe,-24.5449,57.7298,20.93,74,29,4.14,1690381626
259,papatowai,-83.0019,167.4784,-23.2,48,91,4.51,1690381626
260,salym,59.979,71.2183,17.79,91,98,3.75,1690381627
261,iskateley,73.7259,53.7343,13.6,69,89,3.7,1690381632
262,udachny,76.1038,112.6657,9.3,62,25,1.71,1690381633
263,colonia,10.9208,136.0199,27.26,84,100,8.26,1690381633
264,praia da vitoria,46.6611,-25.6598,19.18,96,100,7.19,1690381633
265,albany,-69.7185,116.0464,-52.36,65,0,11.44,1690381634
266,edinburgh of the seven seas,-49.205,-15.512,2.38,66,100,13.24,1690381634
267,ingeniero jacobacci,-40.3113,-69.8203,0.98,74,100,1.57,1690381634
268,adamstown,-33.5365,-114.9369,19.34,78,65,21.34,1690381635
269,ushuaia,-84.1713,-62.4097,-23.92,80,100,1.94,1690381635
270,kolonia town,10.6453,155.4923,28.57,77,95,7.49,1690381635
271,port-aux-francais,-44.1885,51.6118,7.4,98,100,9.1,1690381636
272,laguna,-32.4858,-42.6485,18.56,93,100,9.32,1690381636
273,mumford,4.1652,-0.1146,25.16,87,98,6.42,1690381636
274,fuglafjordur,63.8789,-7.7339,8.86,85,100,3.35,1690381636
275,lobito,-11.7944,12.925,21.75,76,0,4.34,1690381637
276,quezon,10.6648,117.4512,28.39,84,100,10.37,1690381637
277,codrington,21.2381,-55.269,27.58,77,99,8.1,1690381638
278,hasaki,28.4705,150.3223,28.28,78,89,6.77,1690381638
279,wailua homesteads,31.342,-167.4608,23.99,78,94,7.75,1690381639
280,jamestown,-7.3932,-4.6296,23.02,77,100,5.62,1690381639
281,vytegra,60.6824,36.2808,19.15,85,100,1.64,1690381639
282,port-aux-francais,-46.9839,92.227,5.58,64,100,6.14,1690381640
283,st. john's,48.0388,-38.9486,16.91,88,100,5.68,1690381640
284,olonkinbyen,80.7911,-9.0941,-0.26,97,100,2.71,1690381640
285,labuan,-6.4689,104.683,27.06,74,49,8.83,1690381641
286,kulia village,-3.2186,177.8812,28.52,74,100,5.68,1690381641
287,puerto natales,-53.317,-72.9818,-0.7,76,98,4.26,1690381641
288,tangalle,-3.5212,85.6058,27.97,79,70,8.51,1690381642
289,zag,28.2299,-9.1994,40.07,10,0,10.42,1690381642
290,bardai,21.2128,16.2002,37.19,7,3,7.11,1690381642
291,volodymyrets',51.4295,26.0519,21.77,60,100,3.32,1690381642
292,kingston,-31.2342,161.383,15.43,62,0,5.14,1690381643
293,adamstown,-40.6173,-107.0305,11.17,95,100,6.69,1690381643
294,colonia,8.5741,142.8546,27.8,84,100,14.81,1690381643
295,chernyshevskiy,63.6567,111.4154,17.81,75,20,4.42,1690381646
296,alotau,-12.3209,149.9405,25.16,80,91,11.86,1690381646
297,camayenne,7.7744,-16.7788,26.45,81,97,5.15,1690381646
298,phalaborwa,-24.0787,31.4118,21.4,34,5,3.07,1690381647
299,jayapura,0.8736,139.6393,28.29,76,94,2.45,1690381647
300,punta arenas,-73.5724,-84.8853,-23.91,98,100,4.43,1690381647
301,blackmans bay,-71.3813,134.4702,-61.23,94,6,6.16,1690381648
302,puerto ayora,-12.0576,-103.7655,23.91,71,100,9.76,1690381648
303,urcos,-13.7687,-71.4611,4.6,35,0,1.96,1690381648
304,puerto natales,-65.9489,-97.683,-1.69,92,100,11.55,1690381649
305,port mathurin,-27.987,68.0741,20.6,85,50,6.75,1690381650
306,albany,-50.1493,116.4906,5.61,92,100,16.92,1690381650
307,mount gambier,-55.2779,129.0317,1.67,80,100,14.8,1690381651
308,geraldton,-31.9462,108.2095,14.95,64,96,11.79,1690381651
309,bikenibeu village,4.7732,177.8518,26.96,79,96,1.6,1690381652
310,aghsu,40.5399,48.3343,32.14,41,57,3.74,1690381652
311,hong kong,21.4217,115.1123,30.81,73,95,3.84,1690381653
312,kalmunai,7.3024,84.7367,27.79,86,99,9.46,1690381653
313,waitangi,-35.9537,-164.7681,14.2,86,2,9.84,1690381654
314,bredasdorp,-72.4929,24.3862,-32.71,40,98,13.58,1690381654
315,badger,76.6902,-136.7479,1.19,97,100,1.44,1690381654
316,port elizabeth,-55.6128,32.3647,-0.08,83,76,14.74,1690381655
317,macae,-22.6975,-40.7553,22.78,79,95,10.2,1690381655
318,blackmans bay,-56.3407,145.7665,1.36,84,79,16.47,1690381656
319,bethel,67.2403,-174.4299,4.59,97,94,5.54,1690381656
320,edinburgh of the seven seas,-64.3913,3.8857,-15.17,94,100,6.36,1690381657
321,am timan,9.8657,20.5268,24.18,84,100,1.49,1690381657
322,luderitz,-28.3525,5.2691,17.08,69,0,4.55,1690381657
323,papatowai,-71.5356,170.0111,-31.21,75,68,1.05,1690381657
324,fort bragg,36.8378,-127.4918,16.46,91,0,7.02,1690381658
325,chatham,39.5368,-89.6931,28.83,76,100,8.39,1690381658
326,broken hill,-26.9804,141.2246,16.44,39,0,5.39,1690381659
327,dunblane,56.2954,-4.0358,18.76,77,79,3.77,1690381659
328,ust-nera,73.6516,149.2491,-0.08,94,69,2.74,1690381659
329,timimoun,29.1623,-0.2191,48.0,4,0,1.92,1690381660
330,gadzhiyevo,85.7363,40.2967,0.06,88,100,2.88,1690381660
331,bilibino,85.3145,156.3753,-0.2,96,100,6.79,1690381660
332,borogontsy,66.6378,132.3207,8.35,78,8,2.74,1690381660
333,anadyr,55.9123,172.4088,9.74,94,100,5.11,1690381661
334,hamilton,28.0176,-66.5133,28.36,68,88,6.46,1690381661
335,jamestown,-17.7357,-4.0938,19.45,69,76,8.4,1690381661
336,happy valley-goose bay,54.8153,-62.5463,18.36,58,75,6.48,1690381662
337,tarata,-17.8795,-65.9206,18.94,14,0,1.49,1690381662
338,kone,-19.5516,163.5682,22.01,62,99,11.37,1690381662
339,edinburgh of the seven seas,-45.5039,-19.3743,4.97,63,100,12.72,1690381663
340,tabou,0.1777,-5.3963,24.13,81,87,5.3,1690381663
341,college,81.0323,-145.4729,0.57,96,100,1.51,1690381663
342,longyearbyen,81.8564,17.1133,0.27,98,100,4.37,1690381664
343,okha,53.0381,145.5557,11.08,98,100,9.91,1690381664
344,iqaluit,80.0283,-88.3386,9.61,83,60,2.59,1690381665
345,yellowknife,83.7268,-124.9684,0.39,94,100,2.81,1690381665
346,iqaluit,58.7861,-73.2071,12.86,80,100,1.95,1690381666
347,port-aux-francais,-88.7143,58.2204,-51.55,100,100,4.96,1690381666
348,kingaroy,-26.1143,151.3094,10.61,93,1,2.9,1690381666
349,kanniyakumari,6.7441,77.9273,27.4,84,100,6.38,1690381666
350,bredasdorp,-79.7624,18.3179,-46.45,100,100,2.62,1690381667
351,krasyliv,49.6586,26.9459,23.53,64,100,2.18,1690381667
352,bilibino,64.5547,170.0451,11.81,81,91,1.3,1690381667
353,adamstown,-32.0581,-135.317,14.15,52,98,7.68,1690381668
354,dudinka,88.0893,80.2241,-1.03,94,48,3.6,1690381668
355,adamstown,-45.3063,-145.303,7.92,73,91,8.15,1690381668
356,waitangi,-69.7448,-156.6728,-18.66,100,100,5.9,1690381668
357,liwale,-9.7657,37.2509,30.18,24,46,4.79,1690381669
358,adamstown,-49.8932,-115.4454,6.16,93,100,11.26,1690381669
359,margaret river,-59.2821,103.2097,-10.29,80,100,14.64,1690381669
360,hayma',20.3564,56.2295,39.98,26,10,2.42,1690381669
361,qaqortoq,58.9574,-35.0601,8.84,91,99,14.06,1690381670
362,blackmans bay,-80.8867,144.6919,-43.85,87,100,6.09,1690381670
363,grytviken,-68.9442,-25.446,-10.25,96,100,6.3,1690381670
364,edinburgh of the seven seas,-38.0228,-5.4155,9.87,53,100,9.16,1690381670
365,qaqortoq,63.4914,-47.8272,-2.46,77,3,5.6,1690381671
366,margaret river,-52.3832,106.5647,-0.59,62,100,14.52,1690381671
367,edinburgh of the seven seas,-52.1897,-13.5678,-0.18,67,100,12.74,1690381672
368,mazatlan,22.3771,-107.947,28.3,73,93,0.91,1690381672
369,waitangi,-55.6626,-176.7216,4.18,73,36,5.61,1690381672
370,whitehorse,77.4236,-132.5825,0.22,96,11,0.71,1690381672
371,kawthoung,9.4031,95.5014,27.87,86,100,7.95,1690381673
372,tralee,50.4859,-14.1518,17.21,97,100,11.77,1690381673
373,port-aux-francais,-69.9238,84.7671,-44.76,100,100,5.41,1690381673
374,shingu,24.2956,139.2749,29.09,78,100,5.42,1690381673
375,grytviken,-61.3754,-30.0062,-3.54,89,100,10.12,1690381674
376,isafjordur,85.3641,-29.7805,0.27,98,100,3.45,1690381674
377,port-aux-francais,-67.3151,71.2072,-32.36,74,100,6.98,1690381675
378,federacion,-30.9294,-58.0085,13.85,81,100,5.22,1690381675
379,thompson,65.3923,-88.0508,14.38,46,10,3.97,1690381675
380,haiku-pauwela,27.5415,-151.4756,23.06,74,40,6.81,1690381676
381,salalah,14.7919,59.1516,25.27,83,64,13.87,1690381677
382,tres arroyos,-38.7237,-60.6706,9.18,80,50,8.16,1690381677
383,adamstown,-59.7853,-128.2112,0.44,95,80,8.59,1690381678
384,adamstown,-40.1379,-125.052,10.62,77,100,12.55,1690381678
385,port lincoln,-37.4658,127.5716,13.81,80,100,12.27,1690381678
386,whitehorse,62.8472,-127.6464,7.4,81,100,1.78,1690381679
387,blackmans bay,-67.2199,140.8202,-33.59,88,100,12.75,1690381679
388,bethel,53.0678,-174.1146,9.48,97,100,8.5,1690381679
389,salinas,-2.0626,-83.9043,23.22,79,86,6.46,1690381680
390,lodja,-2.7425,22.1108,38.06,20,17,1.83,1690381680
391,kimbe,-6.6947,148.8381,27.53,78,97,9.36,1690381681
392,kodiak,51.8167,-146.3098,12.12,95,100,3.82,1690381681
393,constantia,-52.8505,8.2881,-3.21,61,100,15.76,1690381682
394,jimenez,28.6236,-105.0193,25.84,42,0,2.8,1690381682
395,constantia,-51.0057,7.1899,-1.53,71,100,18.28,1690381682
396,bilibino,85.1318,167.4582,-0.03,96,100,6.72,1690381683
397,margate,-36.2971,36.7052,16.87,80,0,9.64,1690381683
398,keflavik,57.8949,-22.7831,13.21,99,100,8.17,1690381684
399,kristiansund,69.0693,4.9042,10.87,86,98,5.29,1690381684
400,big bend,-27.7197,33.3762,20.37,72,89,11.75,1690381685
401,ribeira grande,29.63,-35.6726,25.18,70,0,3.67,1690381685
402,kultali,20.3777,89.6026,28.64,84,32,10.75,1690381685
403,bethel,46.337,-164.8232,13.28,99,100,7.74,1690381686
404,khandyga,68.7122,136.9144,7.46,64,100,3.02,1690381686
405,kingston,-30.7764,172.2619,15.59,61,100,9.71,1690381687
406,roma,-28.6554,147.0395,12.75,60,0,4.28,1690381687
407,fale old settlement,-6.7662,-169.587,28.37,73,96,8.99,1690381687
408,mejit,12.0587,176.2669,27.97,79,92,9.21,1690381688
409,edinburgh of the seven seas,-54.7078,-10.4712,-2.39,68,100,14.97,1690381689
410,grytviken,-71.8318,-44.2368,-28.02,95,100,6.89,1690381689
411,kourou,15.9248,-47.0354,27.48,79,5,8.07,1690381689
412,seogwipo,31.9098,127.3569,28.17,88,97,6.66,1690381690
413,belmonte,-19.7392,-24.9291,21.95,68,20,7.83,1690381690
414,yellowknife,71.6818,-116.5386,16.57,39,100,4.3,1690381691
415,posto fiscal rolim de moura,-12.0285,-63.7155,31.41,32,0,1.81,1690381692
416,mandalgovi,44.7105,106.1113,25.78,31,0,3.6,1690381692
417,kodiak,43.7083,-159.9512,15.28,97,100,5.42,1690381692
418,edinburgh of the seven seas,-34.4022,-6.7902,11.94,71,100,6.65,1690381693
419,puerto natales,-63.0953,-86.4993,-0.41,80,100,14.2,1690381693
420,iqaluit,61.5928,-65.7831,2.93,93,73,6.27,1690381693
421,grytviken,-66.3358,-29.7264,-6.67,94,100,7.74,1690381695
422,grytviken,-74.8594,-47.1647,-34.93,98,88,7.11,1690381695
423,fale old settlement,-0.2137,-162.8692,27.69,80,7,7.4,1690381696
424,port-aux-francais,-80.5328,102.9221,-60.58,100,100,6.39,1690381696
425,daqing,46.7595,125.0988,24.38,83,100,3.94,1690381696
426,suva,-25.0346,176.1187,18.92,60,96,7.77,1690381696
427,kodiak,43.7904,-158.536,14.86,98,100,4.8,1690381697
428,punta arenas,-80.045,-87.9944,-47.67,99,44,4.02,1690381697
429,waitangi,-65.8019,-167.0959,-5.52,68,99,0.92,1690381698
430,weno,8.6892,149.5483,27.97,78,100,3.32,1690381699
431,sur,18.6824,62.1658,26.23,85,100,11.44,1690381699
432,peniche,41.0228,-13.6101,20.02,72,100,4.5,1690381790
433,lerwick,64.8709,0.3418,12.74,91,100,6.02,1690381790
434,port mathurin,-18.571,64.2827,23.83,81,7,5.54,1690381790
435,fuman,37.0616,49.2456,24.39,76,78,2.28,1690381791
436,blackmans bay,-82.9406,144.2678,-49.17,91,97,7.04,1690381791
437,valozhyn,53.9208,26.4383,20.54,60,100,1.42,1690381791
438,port mathurin,-19.6169,75.9367,22.73,77,35,11.01,1690381791
439,la passe,-2.6578,56.3063,26.8,75,28,7.39,1690381792
440,hovd,44.4068,102.975,27.11,23,2,4.19,1690381793
441,anjozorobe,-18.442,47.8351,13.62,84,50,5.58,1690381794
442,leninskoye,47.5847,132.5975,22.59,78,100,3.21,1690381795
443,longyearbyen,78.8746,14.2589,5.67,85,97,1.57,1690381796
444,bac lieu,6.586,106.4502,28.34,81,100,6.54,1690381796
445,yellowknife,65.03,-121.7685,14.47,58,100,2.48,1690381796
446,blackmans bay,-88.5484,138.8661,-55.33,100,100,5.2,1690381797
447,bethel,82.3402,-174.4531,0.29,82,100,3.08,1690381797
448,puerto natales,-76.5308,-95.4704,-28.4,96,100,3.86,1690381797
449,midland,43.9525,-84.2236,25.79,57,97,4.29,1690381798
450,nadym,66.2898,71.1071,18.28,83,91,4.51,1690381798
451,ancud,-43.66,-102.356,9.58,86,100,8.77,1690381798
452,wailua homesteads,35.5293,-169.6849,21.57,75,40,4.8,1690381798
453,bredasdorp,-78.1796,19.1617,-49.95,100,100,3.38,1690381799
454,port-aux-francais,-81.324,70.3791,-66.94,100,100,2.64,1690381799
455,pisco,-23.7447,-96.2525,19.67,75,100,8.11,1690381799
456,ushuaia,-87.7998,-68.1284,-42.75,100,100,7.13,1690381804
457,puerto ayora,-2.5701,-110.7294,25.76,82,100,7.71,1690381806
458,puerto natales,-73.0163,-103.9184,-9.28,92,100,8.86,1690381806
459,puerto ayora,-3.6916,-105.2955,25.55,78,55,9.13,1690381807
460,grytviken,-65.7799,-28.3184,-6.23,95,100,7.93,1690381807
461,huarmey,-16.3079,-91.0755,20.46,77,100,10.56,1690381807
462,grytviken,-64.6154,-14.623,-20.34,99,90,3.62,1690381808
463,yuzhno-kurilsk,45.5866,150.58,11.44,100,100,3.43,1690381808
464,wailua homesteads,36.7289,-178.419,22.38,88,100,3.64,1690381809
465,tolanaro,-45.1485,50.0108,6.36,98,100,8.01,1690381809
466,yellowknife,71.8945,-110.5834,18.19,34,3,2.31,1690381809
467,yellowknife,87.987,-103.0861,0.33,90,100,6.25,1690381810
468,angaur state,5.196,135.4615,27.79,74,100,5.06,1690381811
469,plouzane,47.623,-7.5872,17.75,84,100,9.38,1690381811
470,saint croix,14.4811,-64.9731,28.13,84,100,9.03,1690381812
471,ushuaia,-85.8266,-80.9855,-31.94,98,100,8.17,1690381812
472,invercargill,-65.5354,160.3962,-22.76,100,100,3.26,1690381813
473,college,89.0076,-161.7373,-0.07,92,100,7.17,1690381813
474,papatowai,-86.9383,165.7292,-48.65,99,100,10.11,1690381814
475,grytviken,-50.4609,-23.0091,1.91,62,100,12.17,1690381814
476,lompoc,25.3249,-133.9351,20.51,79,100,8.1,1690381814
477,qaqortoq,60.9259,-37.2852,10.51,93,100,18.61,1690381815
478,kone,-19.4606,161.6353,21.7,67,100,11.57,1690381815
479,waitangi,-72.4671,-158.782,-26.17,100,100,9.64,1690381815
480,port-aux-francais,-55.0621,76.4314,-0.09,90,100,11.39,1690381816
481,lihue,20.4489,-163.8878,26.11,77,31,8.08,1690381816
482,dudinka,81.9614,82.4993,0.23,99,100,3.77,1690381817
483,alofi,-19.7729,-172.0419,22.8,64,100,4.11,1690381817
484,chashniki,55.1303,29.4399,20.71,65,75,2.96,1690381818
485,jamestown,-26.0922,0.9647,16.57,58,95,2.2,1690381819
486,katsuura,32.3347,142.8857,26.97,76,8,1.8,1690381819
487,acarau,4.2129,-36.9353,26.96,81,90,8.76,1690381820
488,grytviken,-44.3081,-40.3462,6.72,64,99,8.56,1690381820
489,stanley,-59.4925,-51.4642,-2.36,73,100,11.11,1690381822
490,cartagena,10.2145,-75.7871,29.01,79,100,6.92,1690381822
491,dundalk,53.9531,-6.594,15.41,95,100,3.52,1690381825
492,kisber,47.5648,18.0521,20.9,52,20,9.77,1690381825
493,papatowai,-75.2944,168.3953,-41.91,100,62,2.26,1690381826
494,sligo,54.2952,-8.1883,15.75,99,100,2.95,1690381826
495,adamstown,-47.876,-107.3765,7.98,91,100,4.85,1690381827
496,muzayri',22.3874,53.2115,38.52,26,100,4.57,1690381828
497,guerrero negro,26.3033,-115.5006,20.11,90,10,3.54,1690381828
498,bredasdorp,-72.8847,25.182,-39.51,55,94,11.71,1690381829
499,torghay,48.6242,62.9186,29.35,36,15,9.28,1690381829
500,qaqortoq,71.2187,-36.6317,-9.15,89,100,2.58,1690381829
501,margaret river,-37.9012,94.0594,12.49,75,100,10.6,1690381830
502,gaspe,49.2609,-63.7784,17.89,89,100,4.25,1690381830
503,grytviken,-71.9614,-27.6511,-11.29,95,100,5.95,1690381831
504,wailua homesteads,32.41,-169.3444,23.68,77,63,7.37,1690381831
505,karachi,22.2556,65.6918,27.83,85,16,9.36,1690381833
506,port-aux-francais,-82.5569,95.2239,-57.41,100,100,5.65,1690381833
507,port elizabeth,-86.2601,31.7067,-48.76,99,100,4.5,1690381835
508,port-aux-francais,-44.8876,50.9887,6.73,98,100,8.18,1690381836
509,papatowai,-71.9485,173.035,-30.17,100,100,2.94,1690381836
510,sos'va,59.0706,62.6761,19.71,73,61,1.91,1690381836
511,mead,47.7802,-117.2502,16.66,46,0,1.54,1690381837
512,nizhniy kuranakh,60.046,124.5321,15.37,87,8,1.58,1690381838
513,carbonear,52.1169,-52.3158,9.71,99,91,7.21,1690381839
514,bethel,72.1263,-163.9488,0.95,100,100,2.43,1690381840
515,lebu,-37.5705,-92.1093,14.07,98,100,5.72,1690381840
516,metlili chaamba,31.8296,3.6419,44.06,6,0,3.99,1690381841
517,esfarayen,36.7226,57.0683,31.84,31,7,9.68,1690381841
518,isafjordur,89.58,-27.8617,0.0,94,100,6.5,1690381841
519,albany,-45.2945,119.0713,7.63,80,45,7.97,1690381842
520,adamstown,-76.0996,-120.3525,-32.0,93,100,4.38,1690381842
521,port mathurin,-26.0738,76.0193,21.17,68,19,8.4,1690381843
522,port-aux-francais,-54.4105,92.0042,-1.26,60,100,6.94,1690381843
523,waitangi,-54.4229,-164.8365,7.22,86,100,17.65,1690381844
524,tome acu,-2.3978,-47.8829,34.14,39,23,2.16,1690381844
525,happy valley-goose bay,56.6373,-55.4523,9.2,90,100,10.3,1690381844
526,reggane,25.9147,-2.9839,47.0,5,3,2.87,1690381845
527,arraial do cabo,-32.5347,-30.258,15.37,81,100,10.44,1690381845
528,murzuq,26.3601,14.3796,41.86,5,0,6.76,1690381846
529,south hedland,-21.1297,118.7487,17.66,46,45,2.63,1690381846
530,puerto ayora,-15.5734,-98.3999,22.02,76,100,9.88,1690381847
531,tranovaho,-36.8351,43.0114,16.77,80,1,5.8,1690381847
532,hastings,40.3969,-98.4045,29.49,54,2,4.6,1690381847
533,port-aux-francais,-76.2396,81.0363,-58.63,88,30,7.1,1690381847
534,dauphin,50.9291,-99.8831,19.25,69,18,0.63,1690381848
535,dunedin,-47.1515,172.3118,6.95,80,100,12.83,1690381848
536,east ballina,-29.1915,153.837,17.92,58,0,3.89,1690381849
537,ouadda,7.4717,23.7244,22.96,85,99,0.96,1690381849
538,haiku-pauwela,33.4178,-143.5725,23.34,75,79,6.26,1690381849
539,saudarkrokur,69.5599,-19.329,1.73,96,100,7.61,1690381850
540,adamstown,-38.794,-139.6714,10.29,62,8,6.25,1690381850
541,port-aux-francais,-69.0919,81.1426,-37.87,93,7,7.57,1690381850
542,cabedelo,-7.1591,-34.2516,26.1,77,24,7.25,1690381850
543,tiksi,75.4875,138.1024,1.07,96,100,3.35,1690381851
544,mejit,18.1806,179.8106,27.03,79,95,7.8,1690381851
545,ribeira grande,37.1307,-39.4366,25.47,78,44,5.74,1690381852
546,port alfred,-34.8931,27.8872,19.92,68,46,4.73,1690381857
547,hermanus,-78.459,8.3881,-46.27,100,100,3.71,1690381858
548,ushuaia,-87.3742,-72.2092,-40.21,98,100,8.33,1690381858
549,nova sintra,14.381,-26.835,26.75,84,74,6.7,1690381858
550,port-aux-francais,-84.2894,39.699,-47.61,99,100,3.62,1690381858
551,jeremie,19.304,-73.9935,28.87,75,93,5.09,1690381859
552,albany,-53.7481,119.8141,0.51,92,100,9.14,1690381859
553,ribeira grande,17.8074,-34.3049,25.85,81,92,8.58,1690381859
554,ilulissat,79.7225,-40.7945,-3.29,90,100,6.25,1690381860
555,hermanus,-52.9893,13.6627,-2.86,60,100,15.91,1690381861
556,champerico,8.639,-95.5966,28.57,78,33,7.41,1690381861
557,kone,-16.7668,160.6004,23.78,71,99,12.6,1690381862
558,lihue,14.5436,-167.5703,26.23,81,5,8.73,1690381863
559,kuching,3.1436,109.2133,29.02,78,72,8.51,1690381863
560,badger,84.3717,-135.8953,0.68,84,100,1.88,1690381863
561,vorgashor,82.3032,61.7133,0.29,93,74,3.61,1690381864
562,whitehorse,64.3202,-128.8006,12.45,69,93,0.57,1690381865
563,coquimbo,-30.3094,-74.1922,14.0,73,1,10.91,1690381865
564,nuku'alofa,-22.4869,-178.3277,20.41,57,12,7.09,1690381866
565,waitangi,-44.016,-174.4079,11.02,71,100,11.23,1690381866
566,port-aux-francais,-54.8739,50.0385,-0.37,73,91,19.65,1690381866
567,waitangi,-61.6861,-151.3035,1.35,86,100,12.66,1690381867
568,margaret river,-39.5395,98.5377,11.87,75,100,12.68,1690381868
569,hadibu,13.6322,63.0943,26.35,85,100,9.65,1690381868
570,kiunga,-8.2114,139.9109,24.52,80,92,6.57,1690381869
571,jamestown,-26.5985,-0.3727,16.28,63,3,2.55,1690381869
572,tazovsky,68.0567,79.4047,21.75,60,16,3.75,1690381870
573,piti village,19.4206,136.6951,28.84,79,100,6.42,1690381870
574,balkanabat,39.1807,53.748,31.41,48,97,5.23,1690381871
575,tamanrasset,23.5546,5.7737,33.96,8,7,6.03,1690381871
576,happy valley-goose bay,57.0548,-61.5904,8.19,90,100,3.98,1690381872
577,klyuchi,57.3702,169.5304,10.36,94,100,5.12,1690381872
578,san patricio,13.6465,-109.0076,28.74,77,11,6.31,1690381872
579,sitka,53.96,-138.5495,13.48,91,100,3.51,1690381873
580,bethel,87.7064,-168.9101,0.13,93,100,7.33,1690381873
581,waitangi,-59.5334,-155.8092,2.52,89,100,14.9,1690381874
582,sao jose da coroa grande,-8.9909,-34.812,26.01,69,2,5.12,1690381874
583,ljusdal,61.9929,16.1753,16.28,76,70,2.44,1690381875
584,adamstown,-51.6784,-123.4713,3.76,65,99,10.43,1690381875
585,adamstown,-55.6063,-124.4398,3.43,85,100,5.75,1690381876
586,iqaluit,67.3304,-77.2404,5.56,73,33,2.79,1690381876
587,bilibino,77.7834,158.0398,-0.1,98,100,3.78,1690381876
588,port mathurin,-17.6531,74.5085,23.63,77,1,11.38,1690381877
589,yellowknife,75.1654,-100.5934,3.02,85,74,1.21,1690381877
590,saipan,17.4067,142.9784,29.2,76,89,8.3,1690381878
591,humaita,-7.9029,-63.6509,34.54,28,5,1.41,1690381878
592,bethel,89.3908,-167.7451,-0.17,94,100,6.77,1690381879
593,mount pearl,44.5182,-51.3979,18.74,87,2,4.1,1690381879
594,waitangi,-44.3938,-154.4589,8.43,73,100,9.13,1690381879
595,arraial do cabo,-36.0882,-35.4641,13.26,66,100,12.24,1690381880
596,fale old settlement,0.4444,-158.0918,27.82,75,1,8.09,1690381881
597,krasnoye-na-volge,57.4695,41.287,22.45,84,97,5.58,1690381881
598,hermanus,-42.5552,18.2125,7.8,81,100,8.63,1690381881
599,college,72.0914,-149.3656,-0.4,99,100,3.74,1690381882
600,ancud,-40.417,-78.2473,10.5,83,100,6.05,1690381882
601,mount isa,-22.8857,138.888,20.69,54,35,4.34,1690381883
602,toga village,-5.4315,173.1496,28.81,76,100,6.71,1690381883
603,kabalo,-6.7459,26.9561,34.19,14,10,2.07,1690381883
604,vilyuchinsk,43.3333,160.0333,14.21,100,100,2.24,1690381883
605,yellowknife,76.7291,-108.5289,2.3,89,69,1.4,1690381884
606,grytviken,-83.0349,-14.4201,-28.9,97,100,8.32,1690381885
607,ntcheu,-14.9721,34.5487,18.11,32,0,2.62,1690381885
608,howard springs,-11.0807,134.904,23.89,80,25,6.19,1690381885
609,stanley,-72.4714,-51.1351,-35.4,100,100,4.31,1690381886
610,waitangi,-85.6911,-135.0584,-32.73,55,25,8.42,1690381886
611,happy valley-goose bay,54.8036,-54.6546,11.26,98,99,10.01,1690381886
612,kristiansund,66.4853,7.4262,12.51,85,100,5.98,1690381887
613,petauke,-14.7953,30.6555,26.02,22,45,3.49,1690381887
614,mudurnu,40.6075,31.2801,30.55,22,0,2.14,1690381888
615,bredasdorp,-42.3527,21.219,8.74,84,100,9.7,1690381888
616,heroica guaymas,27.3707,-111.1519,29.68,75,27,8.88,1690381889
617,ushuaia,-89.762,-92.1711,-48.96,100,100,4.74,1690381889
618,waitangi,-83.2106,-158.9011,-32.95,80,24,5.48,1690381890
619,longyearbyen,87.063,17.4558,0.08,85,100,4.66,1690381891
620,mili,4.2184,171.8042,26.52,84,100,2.84,1690381892
621,klaksvik,65.3038,-2.8128,11.3,91,100,4.12,1690381892
622,waitangi,-79.731,-169.6433,-38.82,86,100,3.57,1690381893
623,peace river,56.5358,-117.8989,13.43,98,100,3.83,1690381893
624,jamestown,-10.6314,-4.5229,21.38,77,100,6.46,1690381894
625,mundri,5.7021,30.2322,22.63,90,100,1.23,1690381894
626,tokar,18.7096,39.0335,34.25,58,68,4.97,1690381894
627,adamstown,-62.6482,-129.2414,-0.93,97,100,8.79,1690381894
628,longyearbyen,78.4885,4.6032,3.99,87,27,6.35,1690381895
629,lihue,17.3311,-162.3107,26.18,83,100,8.55,1690381896
630,stanley,-47.9931,-58.2513,4.34,94,100,10.9,1690381896
631,ilulissat,74.4354,-41.6839,-8.33,89,47,1.43,1690381897
632,college,80.2353,-148.867,0.38,97,100,2.18,1690381897
633,papatowai,-72.3761,170.8901,-41.24,96,80,2.06,1690381898
634,gao,16.2882,0.6531,40.03,22,41,2.44,1690381898
635,papatowai,-66.1585,171.502,-3.65,82,97,9.21,1690381899
636,taiohae,-5.3251,-130.2755,26.74,73,54,6.72,1690381899
637,bikenibeu village,3.2334,173.3681,27.02,78,99,1.65,1690381899
638,'ohonua,-31.0512,-172.1746,16.41,66,84,15.78,1690381900
639,edinburgh of the seven seas,-74.5717,4.9163,-38.92,92,100,5.27,1690381900
640,albany,-44.5439,120.5413,6.21,84,100,2.43,1690381900
641,vadso,83.9672,29.6454,-0.07,98,100,3.91,1690381901
642,puerto ayora,-12.194,-105.4675,23.81,73,77,8.29,1690381901
643,port-aux-francais,-34.0429,87.5284,15.0,71,69,5.14,1690381901
644,blackmans bay,-66.7939,147.1134,-31.29,100,100,8.98,1690381902
645,queenstown,-42.7062,160.0853,10.23,63,7,11.77,1690381902
646,cortez,37.536,-108.9452,26.87,26,6,0.49,1690381902
647,san patricio,4.6948,-112.7458,26.86,82,40,6.47,1690381903
648,wailua homesteads,31.4491,-164.941,23.84,78,14,5.89,1690381903
649,sitka,49.808,-139.478,14.6,84,49,3.32,1690381903
650,berezovyy,54.1317,135.4543,13.83,89,100,1.73,1690381904
651,punta arenas,-55.472,-73.9019,3.38,58,100,9.81,1690381904
652,puerto ayora,-17.9981,-105.1194,22.63,73,99,8.06,1690381905
653,moya,-12.3615,44.3633,25.12,78,29,5.02,1690381905
654,iskateley,86.2428,56.9107,-0.16,91,100,3.05,1690381905
655,port-aux-francais,-46.6573,90.8212,5.88,59,97,5.54,1690381905
656,punta arenas,-86.1218,-97.8987,-38.86,98,100,6.21,1690381906
657,feijo,-9.0035,-69.9379,31.35,37,44,1.76,1690381911
658,tazovsky,82.4269,77.9989,0.13,97,100,3.87,1690381914
659,iqaluit,76.5545,-67.8017,3.19,75,6,1.72,1690381915
660,invercargill,-56.7851,161.2584,0.32,60,40,11.73,1690381915
661,kidal,18.0192,0.2211,40.18,22,17,2.76,1690381915
662,grytviken,-87.9536,-11.892,-43.54,99,100,5.97,1690381916
663,waitangi,-77.9404,-149.0159,-28.9,100,100,4.0,1690381916
664,port-aux-francais,-56.6306,73.7535,-1.32,95,100,12.48,1690381917
665,port-aux-francais,-53.3387,44.9992,0.9,77,99,13.7,1690381917
666,porto belo,-27.0894,-48.1845,19.32,86,50,4.37,1690381917
667,isafjordur,74.4441,-33.6382,-9.15,92,66,3.34,1690381918
668,edinburgh of the seven seas,-31.0886,-9.2031,17.41,83,3,8.0,1690381918
669,yellowknife,82.3583,-121.2189,0.33,98,100,3.09,1690381919
670,adamstown,-25.2785,-118.1035,22.82,81,96,15.47,1690381919
671,badger,79.6149,-137.3749,0.21,99,100,3.36,1690381919
672,namibe,-15.2335,5.1477,17.65,78,100,6.53,1690381920
673,port elizabeth,-66.0452,30.8146,-11.68,93,100,6.88,1690381920
674,port-aux-francais,-76.0605,102.3493,-65.18,100,87,6.22,1690381920
675,taiohae,-0.2401,-118.6936,25.51,86,91,6.91,1690381921
676,port elizabeth,-84.1779,28.6223,-48.79,100,100,2.81,1690381921
677,petropavlovsk-kamchatsky,34.5395,172.2535,24.75,79,6,5.64,1690381922
678,berezovyy,50.9889,135.7444,16.76,85,2,1.85,1690381923
679,jamestown,-11.2626,-9.2187,22.11,72,87,7.27,1690381924
680,blackmans bay,-75.3886,124.4648,-58.5,100,100,5.55,1690381924
681,cargados carajos,-18.1625,61.3766,24.17,80,13,5.57,1690381924
682,divnomorskoye,43.1302,37.7367,25.23,68,0,1.91,1690381925
683,port-aux-francais,-46.3049,83.0733,4.73,61,18,6.63,1690381925
684,port mathurin,-32.5892,67.6081,17.53,85,20,1.79,1690381926
685,sittwe,20.6765,93.3397,24.26,95,51,1.28,1690381926
686,pangoa,-10.7437,-72.2182,30.82,42,37,1.84,1690381927
687,kaintragarh,20.8483,84.5483,27.07,84,10,3.24,1690381927
688,waitangi,-62.4271,-165.2463,-1.72,97,100,9.59,1690381927
689,floro,63.2763,1.6028,13.31,92,94,6.76,1690381928
690,stanley,-73.4709,-54.0541,-31.23,100,100,4.02,1690381928
691,aasiaat,77.0623,-54.6098,-3.92,84,25,5.08,1690381929
692,remire-montjoly,12.5479,-44.7054,27.33,78,52,4.47,1690381929
693,stanley,-71.1055,-53.3241,-38.3,100,50,3.14,1690381929
694,antsiranana,-8.8927,51.5094,24.68,86,10,7.77,1690381930
695,kuusamo,65.7561,29.5566,15.88,77,99,2.21,1690381930
696,darhan,49.1184,106.0903,16.24,69,28,1.77,1690381931
697,howard springs,-10.3576,132.1014,24.5,70,100,7.09,1690381931
698,vingt cinq,-8.4955,54.7917,25.33,84,44,6.28,1690381931
699,sakata,39.037,139.7436,26.01,86,6,3.61,1690381932
700,waitangi,-52.7778,-166.4825,8.51,88,100,16.63,1690381932
701,blackmans bay,-88.2478,144.1298,-54.27,100,100,6.9,1690381933
702,waitangi,-36.2771,-167.2779,13.51,77,42,12.71,1690381933
703,whitehorse,66.8066,-134.7047,22.15,54,24,1.33,1690381933
704,puerto ayora,-16.2771,-107.844,23.25,75,94,6.69,1690381934
705,port alfred,-53.9592,36.5904,1.1,82,100,11.67,1690381934
706,chibougamau,52.9996,-74.4398,14.74,84,96,4.47,1690381935
707,badger,79.2429,-138.1764,0.23,99,100,3.59,1690381936
708,invercargill,-64.5582,163.7931,-10.43,90,53,6.27,1690381936
709,chonchi,-44.8925,-90.8604,9.05,90,100,9.8,1690381936
710,waitangi,-46.6528,-175.3729,8.73,64,100,9.03,1690381937
711,bilibino,82.6541,176.4706,0.06,87,100,5.3,1690381937
712,waitangi,-57.5883,-147.2994,1.13,92,100,7.45,1690381938
713,punta arenas,-88.9957,-99.4757,-48.32,100,100,5.04,1690381938
714,acarau,5.3395,-38.621,27.68,79,99,6.47,1690381939
715,al kharijah,24.3724,30.4632,41.1,9,93,1.89,1690381939
716,lahat,-3.1743,103.5687,24.79,92,97,1.74,1690381940
717,puerto ayora,-20.1332,-98.5558,21.0,79,100,9.85,1690381940
718,leava,-9.6811,-179.6731,28.22,75,100,9.58,1690381941
719,nar'yan-mar,77.2874,46.7201,3.84,89,100,5.02,1690381941
720,iqaluit,79.3037,-79.6409,4.36,90,52,1.5,1690381941
721,yellowknife,87.9585,-126.6246,0.15,91,100,6.6,1690381942
722,port-aux-francais,-68.216,40.9911,-10.6,73,100,5.94,1690381943
723,puerto ayora,-7.9715,-94.567,23.34,75,100,8.64,1690381943
724,bilibino,73.1177,173.7976,0.03,99,100,3.06,1690381944
725,udachny,67.3598,111.327,16.12,53,92,4.01,1690381944
726,olonkinbyen,70.3808,-1.5494,8.46,95,100,7.58,1690381944
727,ndjole,0.0056,11.0496,30.14,50,99,1.32,1690381945
728,port-aux-francais,-53.4162,69.1874,3.44,76,100,21.0,1690381945
729,isangel,-21.3326,171.0419,20.87,55,75,8.5,1690381945
730,chandler,48.5297,-65.0263,19.33,44,82,4.07,1690381946
731,souillac,-22.3305,58.5421,22.76,72,7,2.87,1690381946
732,rongelap,24.0939,167.3676,26.89,75,61,2.69,1690381947
733,kingston,-27.1729,169.1449,16.74,65,100,8.13,1690381947
734,hun,28.2129,15.398,41.14,6,0,8.11,1690381947
735,blackmans bay,-70.3525,142.0966,-58.69,79,2,8.85,1690381948
736,hermanus,-56.425,12.9449,-4.71,71,100,12.46,1690381948
737,grytviken,-67.9785,-38.0442,-18.58,99,100,3.89,1690381948
738,tiksi,76.8033,129.8519,-0.59,95,92,2.12,1690381949
739,college,87.7536,-152.1749,0.13,88,100,6.96,1690381949
740,kailua-kona,13.9637,-161.3169,25.77,86,5,8.89,1690381950
741,adamstown,-33.1433,-125.0985,14.73,61,99,13.86,1690381950
742,iqaluit,63.0032,-71.6438,4.28,88,99,2.6,1690381951
743,uturoa,-3.318,-156.6282,28.12,70,72,8.95,1690381951
744,blackmans bay,-66.7929,134.282,-23.79,94,100,5.55,1690381952
745,saipan,21.0158,146.7042,29.02,72,84,2.68,1690381952
746,namibe,-12.8403,7.3044,18.75,75,100,5.27,1690381952
747,blackmans bay,-79.8511,134.4095,-46.24,95,100,8.54,1690381953
748,adamstown,-34.5541,-132.916,12.32,61,100,9.92,1690381953
749,lihue,20.6146,-178.512,26.87,77,27,7.68,1690381953
750,bethel,78.8808,-176.7857,0.49,90,100,3.23,1690381954
751,west island,-18.5454,96.64,20.51,67,100,12.5,1690381954
752,nova sintra,14.0918,-25.4337,26.38,86,100,4.93,1690381955
753,bethel,74.0534,-173.4393,-0.01,99,100,3.56,1690381955
754,carauari,-5.7353,-67.3146,33.28,35,1,1.19,1690381956
755,bethel,63.1975,-161.3434,12.52,84,100,1.79,1690381956
756,port mathurin,-21.7935,66.3593,22.87,81,15,9.31,1690381956
757,invercargill,-59.1613,155.9943,-1.23,96,100,14.61,1690381957
758,hadibu,11.3903,57.4917,25.28,85,16,13.39,1690381957
759,port-aux-francais,-52.0286,83.186,1.97,73,16,10.73,1690381958
760,grytviken,-81.664,-49.8316,-29.21,100,100,1.94,1690381958
761,mount pearl,39.1673,-49.2535,25.77,89,100,8.42,1690381958
762,grytviken,-51.668,-20.2411,1.06,67,100,14.04,1690381958
763,port saint john's,-49.4171,45.2315,3.93,95,100,10.52,1690381959
764,adamstown,-56.7855,-110.5037,1.66,77,24,4.17,1690381959
765,grytviken,-87.6968,-25.8213,-40.57,98,100,6.61,1690381960
766,bilibino,78.9883,169.0531,-0.86,92,89,3.5,1690381960
767,jamestown,-24.2868,-15.7593,19.76,61,24,6.3,1690381961
768,sitka,47.7902,-140.0053,14.21,93,100,4.88,1690381961
769,waitangi,-66.8199,-153.9171,-13.86,78,100,3.43,1690381961
770,anadyr,89.4871,179.2084,-0.17,94,100,6.58,1690381962
771,atafu village,-1.1385,-174.8902,28.53,73,7,7.0,1690381962
772,esmeraldas,2.2117,-80.7771,26.52,81,97,5.06,1690381962
773,udachny,85.0046,108.9223,-0.17,95,100,3.83,1690381963
774,san carlos,17.5847,-90.5272,30.75,53,18,1.4,1690381963
775,klyuchi,54.8503,164.4555,10.95,94,28,5.51,1690381963
776,invercargill,-61.5399,162.9203,-2.91,71,10,6.59,1690381964
777,port saint john's,-48.0064,45.0592,5.2,93,100,11.11,1690381964
778,bethel,68.1417,-163.1149,13.92,88,100,1.27,1690381964
779,puerto leguizamo,-0.0118,-73.5326,30.73,54,78,0.44,1690381965
780,thompson,78.6054,-92.2184,5.98,76,64,1.33,1690381965
781,mount pearl,39.2232,-48.6805,25.49,90,100,8.12,1690381965
782,ushuaia,-80.8332,-55.9001,-32.06,100,100,1.24,1690381965
783,mejit,10.8122,174.9628,27.78,80,99,9.09,1690381966
784,albany,-71.8054,107.4489,-63.42,99,54,6.27,1690381966
785,waitangi,-73.1826,-174.2157,-35.76,100,100,3.6,1690381967
786,tamanrasset,22.9427,5.8221,35.85,8,8,7.42,1690381967
787,puerto ayora,2.3442,-104.2383,27.03,77,42,6.89,1690381968
788,tolanaro,-34.9891,54.8553,13.92,62,1,4.75,1690381968
789,albany,-40.022,117.1164,10.15,89,100,14.52,1690381968
790,sinabang,1.5668,96.9415,28.73,73,36,2.58,1690381969
791,adamstown,-64.6879,-132.7879,-0.25,89,100,5.99,1690381969
792,sitka,48.6809,-138.7072,14.56,90,100,2.34,1690381969
793,iqaluit,68.2351,-69.6337,13.13,45,88,3.69,1690381969
794,lebu,-36.5628,-80.6255,12.36,84,100,6.93,1690381970
795,edinburgh of the seven seas,-39.172,1.0152,9.56,55,96,10.14,1690381970
796,iqaluit,85.7479,-85.2622,0.53,84,79,3.39,1690381970
797,kijang,-0.0928,105.6049,29.03,76,100,7.83,1690381971
798,palmer,59.4309,-145.5408,12.19,91,80,4.48,1690381971
799,wailua homesteads,39.208,-160.5696,19.26,83,91,0.8,1690381971
800,hermanus,-43.0793,15.5489,8.47,63,100,11.54,1690381972
801,longyearbyen,82.9048,4.3815,0.09,99,100,2.92,1690381972
802,whitehorse,83.1519,-133.2445,0.33,94,100,2.47,1690381972
803,kirillov,60.1903,39.0094,18.57,89,100,3.39,1690381972
804,hermanus,-64.4993,7.4532,-13.95,93,100,5.38,1690381973
805,magadan,53.6507,149.9231,11.03,96,87,6.0,1690381973
806,hermanus,-62.1636,11.7714,-10.56,90,100,6.84,1690381973
807,puerto natales,-56.2964,-98.6603,3.53,82,100,2.17,1690381974
808,fort dodge,42.7455,-93.9882,26.16,100,100,5.14,1690381974
809,el calafate,-49.7712,-73.4172,-8.93,90,95,2.86,1690381974
810,sona,6.9049,-82.1675,27.2,79,98,2.86,1690381974
811,adamstown,-39.2212,-111.8072,10.98,96,100,14.05,1690381975
812,happy valley-goose bay,56.322,-57.735,10.08,98,100,3.83,1690381975
813,solnechnyy,51.0393,137.0797,18.36,98,94,1.19,1690381975
814,narayangarh,30.5274,77.1956,26.74,86,100,1.77,1690381976
815,puerto natales,-62.1283,-84.981,0.62,86,96,13.81,1690381976
816,blackmans bay,-68.11,125.8881,-47.74,60,1,10.13,1690381976
817,adamstown,-25.8605,-117.1526,22.15,82,97,15.86,1690381976
818,bredasdorp,-76.1997,16.1845,-50.19,100,100,2.57,1690381977
819,vila velha,-21.7422,-34.2656,23.04,69,0,9.01,1690381977
820,port-aux-francais,-56.7627,55.4576,-0.78,79,100,22.73,1690381977
821,deir ez-zor,35.6302,39.5847,40.96,9,0,4.66,1690381978
822,ust-nera,83.4355,148.6444,-0.43,97,99,3.47,1690381978
823,fale old settlement,-3.7111,-158.0354,27.92,73,3,8.5,1690381978
824,pathein,16.7424,94.7479,26.57,91,32,2.0,1690381978
825,kapuskasing,62.476,-81.6667,5.9,86,47,13.27,1690381979
826,puerto natales,-63.6161,-95.8186,-0.51,89,100,15.53,1690381979
827,waitangi,-41.2294,-165.4715,11.94,89,58,10.33,1690381980
828,isoka,-10.3082,32.3496,23.0,32,0,2.96,1690381980
829,wailua homesteads,38.2429,-161.3882,19.39,77,15,1.43,1690381981
830,waitangi,-84.463,-150.4444,-27.41,64,15,7.43,1690381981
831,blackmans bay,-88.4444,137.8009,-55.47,100,100,5.53,1690381981
832,ahau,-13.2544,173.8402,26.21,80,100,4.45,1690381982
833,petropavlovsk-kamchatsky,40.5374,175.1553,19.67,95,100,10.84,1690381982
834,waitangi,-51.2393,-174.6948,6.8,66,100,8.82,1690381983
835,thunder bay,54.0514,-88.88,13.97,54,35,3.86,1690381983
836,saipan,21.948,154.7465,26.67,82,100,5.75,1690381984
837,lerwick,67.1273,-0.2346,11.03,76,100,5.88,1690381984
838,grytviken,-39.1261,-31.9306,10.28,52,100,5.37,1690381985
839,saint-amand-montrond,46.6671,2.901,22.96,37,98,3.09,1690381985
840,susuman,65.7252,153.2002,10.94,70,99,2.71,1690381985
841,ust-nera,80.6261,148.3176,-0.1,91,100,1.13,1690381986
842,east london,-43.3849,34.1217,11.03,89,87,11.52,1690381987
843,hawaiian paradise park,16.3511,-136.0182,23.39,87,83,7.65,1690381988
844,tiksi,82.3224,120.2235,-0.08,87,100,3.22,1690381988
845,jequie,-13.7427,-40.1593,22.88,62,82,2.79,1690381989
846,port-aux-francais,-41.8757,78.4102,9.63,76,100,7.14,1690381989
847,puerto baquerizo moreno,-2.7299,-90.3527,24.88,78,100,7.57,1690381989
848,iqaluit,76.5215,-79.5999,2.72,100,21,2.55,1690381990
849,cabedelo,-4.1694,-26.8915,26.26,76,1,8.07,1690381990
850,kirakira,-13.4938,162.3946,25.43,79,100,11.49,1690381990
851,papatowai,-88.7442,169.0242,-54.4,100,100,5.64,1690381991
852,puerto natales,-50.4824,-90.07,4.35,97,100,16.11,1690381991
853,blackmans bay,-85.5279,125.6316,-51.61,98,100,8.77,1690381992
854,gornopravdinsk,59.3257,70.2883,17.61,86,87,0.87,1690381993
855,alofi,-20.7858,-170.2909,22.28,66,100,4.2,1690381993
856,bilibino,85.9017,157.378,-0.27,97,100,7.39,1690381993
857,kabompo,-13.0064,24.2,28.96,16,7,2.99,1690381994
858,isangel,-19.6818,170.9432,21.98,57,93,8.49,1690381994
859,yung shue wan,18.804,114.5241,29.08,79,100,5.66,1690381994
860,saipan,26.7804,149.9206,28.32,80,100,7.85,1690381995
861,hamilton,36.8458,-58.8885,26.69,84,14,6.46,1690381996
862,darwin,-12.4362,129.4086,23.54,48,11,3.1,1690381996
863,almaty,43.2159,77.0703,29.04,21,40,2.0,1690381996
864,tolanaro,-36.2427,48.4347,15.44,70,0,0.41,1690381997
865,yellowknife,68.0684,-121.3558,14.69,87,100,1.73,1690381997
866,port-aux-francais,-42.7686,91.6189,11.64,93,100,16.27,1690381998
867,azuaga,38.1355,-5.6136,36.98,21,0,4.21,1690381998
868,saipan,21.9441,148.9561,28.92,73,77,2.64,1690381999
869,haiku-pauwela,26.6188,-153.9568,23.84,76,94,8.45,1690381999
870,praia da vitoria,45.8825,-27.0424,19.73,94,99,6.85,1690381999
871,jamestown,-21.7981,-18.0635,21.04,71,4,8.35,1690382000
872,puerto natales,-65.9277,-96.3232,-1.61,92,100,12.23,1690382000
873,bilibino,78.6297,156.6942,-0.4,98,100,2.48,1690382000
874,iskateley,82.9845,50.4917,0.04,97,100,4.78,1690382001
875,papatowai,-70.9094,169.5351,-32.64,96,100,1.07,1690382001
876,kingston,-27.6542,170.7646,16.99,58,100,8.83,1690382002
877,patacamaya,-18.6496,-68.652,8.36,10,0,1.98,1690382002
878,luba,3.0317,7.8333,25.78,86,78,6.39,1690382002
879,port blair,12.6857,94.2073,28.53,83,100,7.94,1690382003
880,talnakh,82.3313,93.3935,0.0,97,100,3.74,1690382003
881,aasiaat,87.7475,-66.8737,0.43,88,100,5.44,1690382003
882,vorgashor,86.8786,67.5168,-0.26,95,98,2.16,1690382004
883,m'sila,35.3152,4.4667,38.1,9,0,5.11,1690382004
884,talcahuano,-30.4836,-84.2065,15.32,69,95,0.72,1690382004
885,lebu,-31.5774,-99.0155,17.81,82,75,9.24,1690382005
886,ribeira grande,29.3054,-40.1811,25.69,72,11,4.4,1690382005
887,simanggang,0.7073,110.8399,24.68,85,53,0.59,1690382006
888,inhambane,-22.4001,38.8492,22.25,63,53,8.67,1690382006
889,bredasdorp,-72.5273,16.2776,-33.56,58,100,12.85,1690382007
890,geraldton,-28.3737,114.0181,16.34,63,100,8.62,1690382008
891,myitkyina,25.7845,97.5549,24.24,98,64,0.61,1690382008
892,benguela,-12.0752,9.9658,19.56,80,42,4.67,1690382009
893,port-aux-francais,-38.6731,72.0282,13.21,93,100,8.07,1690382009
894,albany,-83.2092,107.056,-54.46,100,100,6.58,1690382010
895,lodwar,3.8039,34.8486,32.84,32,88,5.35,1690382010
896,yamada,37.1835,148.1459,23.5,88,100,3.48,1690382010
897,queenstown,-39.5244,163.4337,13.74,78,8,11.37,1690382011
898,waitangi,-71.7039,-163.9973,-28.07,100,100,5.85,1690382012
899,ushuaia,-75.3872,-81.1968,-24.91,96,100,3.47,1690382012
900,waitangi,-79.2949,-167.4356,-37.56,86,100,3.64,1690382013
901,atafu village,-5.8812,-174.2258,28.23,77,43,7.26,1690382013
902,albany,-32.6538,121.7838,10.41,70,2,6.97,1690382013
903,grytviken,-71.8739,-46.9016,-32.09,97,97,6.44,1690382014
904,pangai,-20.0255,-174.514,21.9,67,99,5.12,1690382014
905,isle of lewis,59.3852,-10.1127,12.94,80,98,10.95,1690382015
906,college,79.3454,-156.2763,0.48,96,100,1.31,1690382015
907,bo phloi,14.6491,99.6625,27.65,67,55,5.64,1690382016
908,kudahuvadhoo,2.7901,65.8499,28.12,75,98,4.08,1690382016
909,remire-montjoly,7.3054,-46.4285,27.93,73,28,3.92,1690382016
910,seminole,32.8545,-102.8406,28.49,34,21,7.79,1690382017
911,dillon,34.34,-79.2469,32.77,74,0,0.0,1690382017
912,port-aux-francais,-60.4248,56.833,-1.92,94,100,8.64,1690382017
913,vila franca do campo,39.3731,-19.2197,21.35,55,0,1.87,1690382018
914,punta arenas,-81.7849,-91.5008,-49.68,100,93,4.45,1690382018
915,yellowknife,89.4099,-126.6463,-0.07,94,100,6.83,1690382019
916,invercargill,-50.2083,158.5268,6.43,62,84,14.95,1690382019
917,linden,5.6862,-58.3691,31.18,59,34,1.88,1690382019
918,taungoo,19.0923,96.5741,22.03,97,35,1.25,1690382020
919,lihue,12.6423,-165.0812,26.38,83,84,8.96,1690382020
920,adamstown,-64.0508,-132.5144,-0.13,93,100,6.76,1690382020
921,college,84.5883,-150.1468,0.83,81,100,3.62,1690382021
922,musoma,-1.2754,33.8399,29.1,57,41,5.47,1690382021
923,arthur's town,24.7751,-74.9532,29.13,71,100,4.47,1690382022
924,adamstown,-49.0372,-114.9257,6.43,95,100,9.27,1690382022
925,puerto natales,-56.9098,-102.1628,3.85,75,99,2.7,1690382022
926,petropavlovsk-kamchatsky,39.3607,168.8509,20.48,97,100,10.8,1690382023
927,port-aux-francais,-80.1192,39.783,-55.14,100,100,2.79,1690382023
928,waitangi,-80.6906,-174.7788,-37.99,79,100,4.11,1690382023
929,port-aux-francais,-38.0069,84.4557,13.65,85,100,12.35,1690382023
930,waitangi,-43.1618,-171.6272,12.12,84,100,1.71,1690382023
931,bredasdorp,-60.1218,21.6582,-4.63,61,66,8.67,1690382024
932,fort bragg,30.2425,-138.7032,21.3,87,99,3.16,1690382024
933,saipan,15.5403,148.1395,27.2,80,100,5.86,1690382024
934,uvel'skiy,54.3467,61.5574,22.96,53,94,1.78,1690382024
935,coquimbo,-25.7075,-84.4408,17.73,74,100,7.82,1690382025
936,longyearbyen,76.2672,12.8671,7.09,79,27,0.32,1690382025
937,tsiombe,-35.2491,46.5962,15.99,76,0,1.37,1690382026
938,yellowknife,77.0089,-116.9291,10.89,66,0,2.2,1690382026
939,ilulissat,87.4155,-42.8986,0.27,90,100,5.27,1690382026
940,karratha,-20.926,114.3118,19.92,86,100,9.24,1690382027
941,paranaiba,-19.9643,-51.6972,25.42,41,71,3.51,1690382027
942,lebu,-31.3161,-100.9381,18.58,80,72,10.79,1690382028
943,tura,67.7007,95.3953,15.29,82,100,1.9,1690382028
944,grytviken,-49.2711,-40.3103,4.27,85,98,9.66,1690382028
945,bilibino,87.4619,156.2562,-0.27,98,100,7.56,1690382028
946,bilibino,72.7794,164.4244,-0.09,98,100,3.24,1690382029
947,bilibino,72.772,168.9867,-0.17,99,100,2.59,1690382029
948,phatthalung,7.3815,100.0497,25.65,85,90,2.45,1690382029
949,port-aux-francais,-86.8898,81.4945,-52.39,100,100,4.78,1690382029
950,adamstown,-66.7206,-117.4701,-2.48,74,92,13.95,1690382030
951,ghadamis,29.5984,7.9085,45.03,5,0,3.07,1690382030
952,valparaiso,-32.7437,-71.7052,15.0,81,100,7.35,1690382030
953,turpan,44.3622,89.4045,31.7,13,0,0.51,1690382031
954,port-aux-francais,-83.8644,98.0338,-54.98,100,100,6.17,1690382031
955,tura,75.3833,100.552,15.77,42,26,0.58,1690382032
956,nguigmi,16.8346,12.8858,41.42,10,30,3.78,1690382033
957,porto murtinho,-21.3977,-57.7376,28.09,29,87,1.39,1690382034
958,olonkinbyen,78.0495,-2.7626,1.2,91,100,1.74,1690382034
959,waitangi,-57.8934,-172.3695,2.22,98,100,9.35,1690382035
960,kayangel,8.8319,135.2076,26.71,83,100,9.47,1690382035
961,edinburgh of the seven seas,-50.2286,-3.962,-1.25,69,100,16.53,1690382035
962,grytviken,-87.7057,0.121,-44.34,98,100,6.07,1690382035
963,tiksi,86.0999,133.2176,-0.11,96,100,5.17,1690382036
964,nantucket,38.1035,-65.4738,26.18,83,39,4.62,1690382036
965,port lincoln,-36.1604,136.5362,14.08,65,0,7.99,1690382036
966,wailua homesteads,32.076,-163.8618,23.83,78,10,5.14,1690382038
967,albany,-37.5471,119.0485,12.73,83,91,6.79,1690382038
968,isangel,-18.65,170.0752,22.46,58,41,9.47,1690382039
969,adamstown,-76.1622,-124.9414,-33.0,98,97,3.75,1690382039
970,trat,11.5714,101.8751,28.86,82,51,7.37,1690382039
971,utrik,33.1082,169.507,25.44,79,19,5.74,1690382039
972,ust-nera,73.0364,147.812,0.93,94,100,4.26,1690382040
973,saudarkrokur,79.3944,-19.7392,0.67,100,100,0.43,1690382040
974,la ronge,63.8096,-104.7874,16.92,49,100,3.58,1690382040
975,grytviken,-66.8715,-9.7728,-20.94,100,100,3.86,1690382041
976,isafjordur,72.6445,-26.9925,2.88,92,100,1.4,1690382041
977,sambava,-12.261,52.787,24.83,82,32,9.14,1690382042
978,chakulia,22.0862,86.5636,26.73,93,100,2.87,1690382042
979,thompson,68.0142,-99.9317,3.46,85,50,3.45,1690382043
980,karungdong,5.3421,121.7701,28.51,79,48,5.45,1690382043
981,marataizes,-21.2406,-41.0638,25.0,70,94,4.3,1690382044
982,badarwas,25.1007,77.1839,31.0,61,95,3.06,1690382044
983,simpang,-0.7415,104.2993,29.27,77,100,6.19,1690382044
984,port-aux-francais,-58.9277,69.8382,-2.02,96,100,10.96,1690382045
985,minbu,20.0439,94.4241,25.0,87,37,1.97,1690382045
986,grytviken,-61.7233,-44.4,-7.13,79,80,9.78,1690382045
987,gornopravdinsk,60.9199,70.4886,17.05,94,95,2.56,1690382046
988,isafjordur,75.0238,-26.9187,-3.36,86,13,7.01,1690382046
989,taulaga,-11.3014,-173.1364,28.12,68,97,7.17,1690382046
990,quelimane,-16.7286,38.0375,21.67,62,53,3.65,1690382047
991,ushuaia,-88.5316,-54.0402,-45.26,100,100,5.33,1690382047
992,ilulissat,68.8745,-47.8743,0.07,76,4,8.14,1690382047
993,vingt cinq,-9.6083,60.2573,25.53,83,91,8.04,1690382047
994,tazovsky,84.5106,73.5733,-0.17,98,100,3.74,1690382048
995,thompson,67.3557,-88.6471,15.61,41,54,6.85,1690382048
996,albany,-65.2648,114.8474,-29.08,90,3,7.32,1690382049
997,margaret river,-35.0033,91.7133,13.82,68,100,6.32,1690382049
998,punta arenas,-69.345,-83.5232,-6.01,95,100,6.59,1690382050
999,adamstown,-26.4231,-124.587,20.36,69,94,12.76,1690382050
1000,puerto natales,-65.7767,-95.237,-1.48,92,100,12.18,1690382050
1001,bilibino,66.4971,162.5226,8.86,69,92,1.21,1690382051
1002,taunggyi,21.4279,97.8148,20.44,93,67,0.85,1690382051
1003,shirdi,19.6492,74.5656,25.88,80,100,6.43,1690382051
1004,hermanus,-76.1307,11.8973,-45.43,100,100,3.37,1690382052
1005,howard springs,-12.9428,131.861,14.86,54,17,0.84,1690382052
1006,waitangi,-46.9963,-179.4791,7.14,59,8,5.43,1690382053
1007,grytviken,-78.8766,-18.9356,-19.17,74,100,11.78,1690382053
1008,rongelap,19.4136,166.2568,27.83,77,71,5.3,1690382053
1009,puerto natales,-72.9111,-93.8209,-20.92,98,100,9.9,1690382054
1010,razdol'noye,45.7286,33.5213,32.75,29,1,4.38,1690382054
1011,bhainsdehi,21.7508,77.2999,26.35,90,100,1.67,1690382055
1012,klyuchi,46.4539,175.9976,11.05,88,100,0.41,1690382057
1013,isafjordur,85.9895,-31.9269,0.14,98,98,3.94,1690382057
1014,port-aux-francais,-72.76,65.6633,-36.33,53,0,16.23,1690382058
1015,edinburgh of the seven seas,-44.2809,2.4075,4.79,64,100,14.27,1690382058
1016,bethel,52.8091,-172.7257,8.86,98,100,8.02,1690382058
1017,west island,-23.0584,82.2033,21.38,69,100,11.0,1690382059
1018,anloga,5.1457,1.2747,25.58,87,21,6.43,1690382059
1019,ormara,24.7079,64.9204,28.62,88,97,4.18,1690382060
1020,adamstown,-32.5294,-108.7593,18.42,90,100,17.81,1690382060
1021,puerto san carlos,14.5683,-120.6831,27.71,77,77,5.29,1690382061
1022,puerto ayora,-11.0299,-109.6716,24.51,71,91,7.95,1690382061
1023,port-aux-francais,-57.5172,75.3972,-1.09,85,100,9.74,1690382061
1024,lospalos,-7.2793,126.9293,25.72,73,78,8.27,1690382062
1025,isafjordur,76.3892,-27.9242,-5.17,87,8,8.02,1690382062
1026,kerikeri,-34.9607,172.031,13.59,66,99,11.19,1690382063
1027,sishilichengzi,41.648,87.861,28.4,27,5,0.21,1690382063
1028,walvis bay,-24.2305,14.2705,13.03,77,0,8.02,1690382063
1029,yanchep,-30.9484,115.7531,10.44,83,89,5.34,1690382064
1030,port lincoln,-32.5471,131.1781,17.05,67,0,10.53,1690382064
1031,albany,-59.0583,115.2991,-5.36,63,100,13.77,1690382065
1032,fort bragg,34.0098,-142.0556,22.15,77,89,6.93,1690382065
1033,bardai,20.3759,18.5941,32.33,11,5,5.85,1690382066
1034,ahvaz,31.2798,48.8806,45.97,12,0,3.09,1690382066
1035,kemijarvi,67.1761,28.0295,17.12,75,36,2.06,1690382066
1036,invercargill,-72.503,156.8672,-56.62,100,94,4.03,1690382067
1037,adamstown,-33.4055,-143.9516,13.81,56,58,6.03,1690382067
1038,atafu village,6.1133,-166.2407,27.12,82,78,6.45,1690382067
1039,tolanaro,-30.813,49.5716,16.16,61,0,5.72,1690382068
1040,podporozh'ye,60.5851,34.7421,18.21,89,100,0.7,1690382068
1041,suntar,60.7445,117.581,18.16,91,100,3.75,1690382068
1042,safranbolu,41.1909,32.9452,33.66,25,0,0.17,1690382069
1043,ilulissat,88.5577,-56.4015,0.21,92,100,6.5,1690382069
1044,badger,73.8307,-138.8409,-0.72,99,100,3.49,1690382069
1045,northam,-30.3391,125.3172,16.32,28,89,6.09,1690382070
1046,avarua,-32.5348,-157.7377,15.91,77,28,8.09,1690382071
1047,utrik,17.2776,168.9147,28.07,76,14,7.12,1690382071
1048,ribeira grande,27.3114,-40.534,25.94,72,28,5.09,1690382071
1049,manicore,-7.3703,-60.393,34.85,29,0,0.63,1690382072
1050,bethel,83.1017,-175.3945,0.36,86,100,4.19,1690382073
1051,bredasdorp,-72.7074,19.0374,-32.77,48,100,11.11,1690382073
1052,taiohae,-8.7812,-136.1633,26.55,67,62,7.51,1690382073
1053,yermakovskoye,52.4973,92.9298,8.21,81,10,1.59,1690382074
1054,adamstown,-46.958,-144.6439,7.83,73,97,7.54,1690382075
1055,grytviken,-56.7105,-46.4797,-0.12,91,100,6.29,1690382075
1056,port elizabeth,-63.9443,29.1236,-14.63,89,100,5.76,1690382075
1057,yellowknife,73.0489,-118.2076,18.23,41,35,2.52,1690382076
1058,mugia,44.6739,-14.2972,18.96,85,0,9.05,1690382076
1059,st. john's,44.1287,-48.8367,16.45,95,97,1.32,1690382076
1060,blackmans bay,-73.9532,138.2932,-59.48,100,99,5.83,1690382077
1061,haiku-pauwela,29.1909,-149.7863,22.83,69,78,6.38,1690382078
1062,west island,-25.2853,91.9084,18.86,60,100,9.52,1690382078
1063,albany,-70.4557,111.3391,-57.68,86,5,9.37,1690382078
1064,hadibu,8.2265,60.1344,26.54,87,62,8.65,1690382078
1065,uturoa,-12.6746,-154.7726,26.6,76,3,1.44,1690382079
1066,san antonio oeste,-40.4915,-65.5413,7.57,53,3,3.67,1690382079
1067,vernon,46.2453,-132.6067,16.24,90,100,2.29,1690382080
1068,haiku-pauwela,25.5902,-153.0645,24.24,74,100,6.95,1690382080
1069,longyearbyen,80.8567,6.4759,0.58,98,100,2.26,1690382082
1070,aasiaat,73.5653,-55.9607,2.81,87,100,1.27,1690382082
1071,adamstown,-34.6178,-130.6314,12.11,65,100,10.96,1690382082
1072,east london,-33.4998,28.4589,21.12,76,89,6.34,1690382083
1073,ribeira grande,29.1688,-45.6333,26.17,72,83,6.09,1690382083
1074,enewetak,28.6896,164.5442,26.83,75,4,5.39,1690382083
1075,east london,-39.2066,33.1398,15.66,87,100,9.57,1690382083
1076,lewistown,47.5324,-108.7607,22.89,29,21,6.01,1690382084
1077,grytviken,-70.5205,-14.0984,-24.71,100,100,2.68,1690382084
1078,adamstown,-67.2976,-122.3622,-6.47,74,57,13.55,1690382084
1079,puerto natales,-58.4759,-85.2985,2.21,63,100,9.78,1690382085
1080,codrington,23.9645,-53.2866,27.66,73,70,8.65,1690382085
1081,periyanegamam,10.7786,77.1047,24.36,78,100,8.64,1690382085
1082,port elizabeth,-46.9502,29.3868,5.86,91,100,12.15,1690382085
1083,tangalle,4.6902,81.5584,28.06,81,100,6.05,1690382085
1084,waitangi,-76.6804,-145.4586,-29.4,98,100,2.56,1690382086
1085,'afak,32.1555,45.2389,45.9,6,0,4.4,1690382086
1086,hamilton,30.4762,-54.3577,26.69,77,81,6.2,1690382086
1087,hamilton,33.0533,-63.7537,27.13,79,49,4.13,1690382087
1088,la paz,-16.5126,-67.5764,21.96,37,0,2.49,1690382087
1089,sawang wirawong,15.1718,105.1604,26.97,89,65,2.64,1690382087
1090,waitangi,-69.1175,-159.7869,-13.95,98,100,5.07,1690382087
1091,lihue,12.3958,-170.7251,27.23,76,73,8.12,1690382088
1092,lihue,11.9589,-168.2583,26.86,83,100,10.2,1690382088
1093,college,88.4329,-159.2503,0.03,92,99,7.42,1690382088
1094,stanley,-51.6203,-47.1692,3.17,97,100,10.99,1690382089
1095,shimoda,30.9084,139.4222,27.35,73,9,0.3,1690382089
1096,isafjordur,86.6518,-24.52,0.29,86,100,4.19,1690382089
1097,adamstown,-25.8786,-134.163,19.08,68,100,5.0,1690382090
1098,northam,-31.9775,117.0767,8.23,94,42,4.93,1690382090
1099,ushuaia,-84.8883,-88.3897,-37.18,98,100,5.12,1690382090
1100,bethel,72.1474,-167.4444,-0.17,100,100,2.03,1690382091
1101,mizdah,30.094,12.8873,41.53,7,0,3.19,1690382091
1102,invercargill,-66.8714,157.5541,-32.96,100,100,2.46,1690382091
1103,grytviken,-61.2208,-19.2243,-9.51,95,100,6.41,1690382092
1104,dunedin,-57.9675,179.791,2.05,74,11,6.52,1690382092
1105,ixtapa,17.2424,-102.1776,28.94,68,72,1.62,1690382093
1106,hawaiian paradise park,15.1864,-141.2158,24.86,86,100,8.72,1690382093
1107,federal,-30.7905,-58.6081,16.54,64,68,7.15,1690382093
1108,fale old settlement,-0.9747,-162.001,27.93,75,8,8.21,1690382093
1109,edinburgh of the seven seas,-28.3047,-6.4827,17.61,65,97,6.04,1690382094
1110,petropavlovsk-kamchatsky,48.4616,161.3692,10.07,90,100,3.61,1690382094
1111,el alto,-3.4304,-84.8196,23.77,74,100,6.16,1690382094
1112,nantucket,38.901,-66.0491,25.12,76,73,2.13,1690382094
1113,georgetown,-4.573,-24.2271,25.52,78,3,8.26,1690382094
1114,anadyr,74.6972,178.2673,-0.04,99,100,4.0,1690382095
1115,stanley,-83.3516,-53.006,-27.9,94,100,4.8,1690382095
1116,port-aux-francais,-37.6269,79.0824,14.35,92,100,10.47,1690382095
1117,horta,45.2203,-30.4979,20.38,92,100,4.27,1690382095
1118,al ghayzah,15.3202,52.9898,25.16,86,10,9.8,1690382096
1119,i-n-salah,24.2489,2.6805,43.62,10,16,3.1,1690382096
1120,foca,43.3669,18.83,17.63,88,97,1.35,1690382097
1121,blackmans bay,-72.7167,151.4402,-67.48,100,62,2.97,1690382097
1122,taiohae,-1.9182,-119.2713,25.87,84,64,6.77,1690382098
1123,umarkot,25.4075,69.758,34.33,54,100,6.52,1690382098
1124,gaspe,49.7923,-62.9468,20.42,83,100,2.4,1690382098
1125,port-aux-francais,-57.521,53.7368,-0.98,84,100,22.73,1690382099
1126,shar,49.2709,80.3568,26.28,24,100,4.71,1690382099
1127,dawei,13.6481,98.6499,21.82,96,93,1.19,1690382100
1128,fale old settlement,-2.0423,-160.0922,27.7,80,7,7.41,1690382100
1129,gadzhiyevo,79.1568,35.3617,1.26,94,94,3.2,1690382101
1130,bethel,82.7201,-170.0234,0.22,80,100,3.52,1690382101
1131,akjoujt,19.1983,-14.3532,37.42,26,100,7.32,1690382101
1132,sinabang,-4.9162,91.0853,27.8,80,86,10.25,1690382102
1133,olonkinbyen,84.4877,-20.3278,0.13,98,100,4.3,1690382102
1134,sidi ech chahmi,35.6694,-0.3742,31.83,31,0,3.92,1690382103
1135,grytviken,-58.7062,-17.4917,-4.44,77,93,9.9,1690382104
1136,adamstown,-45.3342,-126.2513,6.56,72,100,13.06,1690382104
1137,cabo san lucas,3.9526,-119.6418,27.03,81,100,7.36,1690382106
1138,avarua,-17.2053,-156.8644,24.72,63,7,3.8,1690382107
1139,corfu,38.8775,19.4383,28.0,72,62,2.8,1690382107
1140,iqaluit,61.353,-67.2888,3.04,96,98,10.05,1690382107
1141,papatowai,-61.1273,176.7321,0.74,72,100,11.89,1690382108
1142,mangrol,16.6132,65.315,27.25,82,95,11.51,1690382108
1143,isafjordur,88.5695,-26.3931,0.13,92,100,6.55,1690382109
1144,barclayville,4.1549,-8.5101,26.05,81,92,6.94,1690382110
1145,grytviken,-45.2003,-36.0079,6.83,56,28,4.94,1690382111
1146,fort bragg,34.8818,-132.145,20.72,85,100,8.12,1690382112
1147,abraham's bay,26.6966,-69.7656,28.91,71,36,7.28,1690382112
1148,avarua,-22.7081,-158.5089,21.69,73,11,3.86,1690382112
1149,west island,-31.9149,86.8755,15.82,69,58,2.25,1690382113
1150,klaksvik,64.6559,-5.7727,9.22,91,50,3.62,1690382113
1151,hilo,27.8636,-147.1597,22.49,69,100,6.06,1690382114
1152,petropavlovsk-kamchatsky,42.4312,167.6138,15.08,100,100,3.64,1690382114
1153,anadyr,67.1887,174.766,9.87,95,100,1.88,1690382115
1154,olhao,36.0107,-7.6044,21.24,73,0,4.94,1690382115
1155,thompson,57.9491,-100.0629,15.1,54,75,5.96,1690382115
1156,aasiaat,86.6018,-65.3371,0.53,83,100,4.25,1690382116
1157,olonkinbyen,69.6748,-2.158,9.09,93,100,6.78,1690382116
1158,polyarnyy,71.517,35.0021,9.83,94,100,4.46,1690382117
1159,ulanhot,45.866,119.4177,16.12,92,100,2.03,1690382118
1160,isafjordur,82.1236,-25.8274,3.76,100,100,2.21,1690382118
1161,adamstown,-42.19,-127.7104,8.96,76,100,13.26,1690382119
1162,griffith,-33.8776,145.3314,9.08,65,0,3.2,1690382119
1163,saint-pierre,40.5122,-56.9622,26.2,85,7,6.34,1690382119
1164,udachny,77.5691,117.3885,-0.02,94,68,2.32,1690382119
1165,hamilton,28.225,-56.2018,27.53,73,31,8.31,1690382463
1166,valparaiso,-32.4011,-72.8921,12.98,76,69,11.32,1690382463
1167,el abiodh sidi cheikh,32.2687,0.9657,42.16,6,0,1.97,1690382463
1168,tiksi,84.1317,134.3171,0.03,89,100,3.5,1690382464
1169,adamstown,-46.5739,-136.2207,7.21,70,67,8.97,1690382464
1170,port-aux-francais,-77.1758,42.7845,-52.17,100,93,5.4,1690382464
1171,blackmans bay,-66.1593,140.5231,-28.62,91,100,15.45,1690382465
1172,albany,-54.9533,118.821,1.07,75,57,12.5,1690382466
1173,shenjiamen,29.1947,124.2476,28.73,84,100,8.38,1690382466
1174,iqaluit,69.0848,-76.4404,7.38,65,96,2.8,1690382467
1175,crane,17.4625,-49.883,27.72,78,7,7.75,1690382467
1176,stanley,-73.1372,-55.1485,-31.57,100,100,3.36,1690382467
1177,port mathurin,-32.0576,71.2469,18.61,88,37,6.99,1690382468
1178,ha'il,28.866,41.849,40.76,8,85,3.56,1690382468
1179,luwuk,-2.1465,123.1959,27.25,74,44,8.02,1690382468
1180,albany,-67.3922,109.6754,-36.69,44,53,17.89,1690382469
1181,island harbour,24.8077,-62.5921,28.26,75,36,8.58,1690382469
1182,nar'yan-mar,77.9495,46.8273,3.1,91,91,3.86,1690382469
1183,puerto natales,-66.2029,-97.4096,-1.91,91,100,12.08,1690382470
1184,el alto,-3.8505,-84.296,23.53,75,71,6.38,1690382470
1185,port-aux-francais,-63.1877,80.8433,-7.05,95,100,6.54,1690382470
1186,kulhudhuffushi,7.0187,64.0436,27.63,83,97,5.3,1690382474
1187,nizhnesortymskiy,63.759,69.4932,19.61,80,95,2.39,1690382475
1188,sitka,51.6041,-136.7745,14.49,85,72,3.6,1690382475
1189,olonkinbyen,73.3958,1.7283,6.17,90,100,7.64,1690382475
1190,adamstown,-36.8443,-103.8749,14.34,95,100,10.23,1690382476
1191,brookings,41.5189,-134.3285,19.0,80,90,4.33,1690382477
1192,belmonte,-15.8361,-36.6477,24.71,66,41,6.14,1690382477
1193,edinburgh of the seven seas,-58.8914,4.0263,-8.68,86,100,11.04,1690382477
1194,grytviken,-57.2483,-39.7915,-0.07,97,100,16.24,1690382478
1195,enewetak,23.8438,157.8399,27.47,73,44,4.09,1690382478
1196,bethel,44.9283,-165.0161,14.47,94,91,7.16,1690382479
1197,invercargill,-69.6643,155.4811,-45.06,98,39,3.91,1690382479
1198,monze,-16.0368,27.4352,23.66,31,100,4.38,1690382479
1199,waitangi,-63.2317,-178.87,-1.52,64,100,8.79,1690382480
1200,georgetown,-7.8913,-15.7002,24.76,69,91,7.67,1690382480
1201,luanco,45.9713,-5.9761,19.16,89,70,5.75,1690382480
1202,blackmans bay,-50.2891,153.0408,7.22,77,94,13.45,1690382480
1203,bilibino,64.7595,170.5024,9.96,88,84,1.87,1690382481
1204,margaret river,-59.6524,100.3612,-11.96,86,100,15.29,1690382481
1205,georgetown,-14.369,-20.9065,22.88,67,83,7.84,1690382481
1206,olonkinbyen,73.5053,-15.9027,0.17,94,100,1.61,1690382482
1207,san antonio de pale,-2.1704,-0.0474,23.23,84,100,3.85,1690382482
1208,zouerate,23.279,-11.3494,44.54,7,10,8.63,1690382482
1209,port mathurin,-23.0769,80.2019,21.4,68,100,10.21,1690382483
1210,east london,-54.4494,39.7437,0.58,79,81,12.64,1690382483
1211,newport,45.2066,-129.2078,16.72,75,95,1.22,1690382483
1212,ribeira grande,35.9372,-41.6587,25.51,77,12,3.05,1690382483
1213,kotido,3.3222,33.8605,22.25,73,96,1.55,1690382483
1214,grytviken,-76.6401,-10.5638,-34.23,87,100,5.6,1690382484
1215,port-aux-francais,-78.2895,35.6889,-46.39,100,100,4.26,1690382484
1216,taos,36.1092,-105.7231,23.39,24,38,2.14,1690382484
1217,tofol,-0.0832,160.1943,28.28,72,79,2.99,1690382485
1218,belmonte,-16.1473,-31.884,23.8,77,14,9.21,1690382485
1219,atafu village,-3.4636,-171.0987,28.47,77,11,7.23,1690382485
1220,tanki leendert,14.511,-69.5382,27.75,83,100,9.99,1690382486
1221,turpan,40.6575,89.3185,34.36,17,89,3.0,1690382486
1222,ta`u,-14.868,-169.678,24.97,74,100,5.53,1690382486
1223,kourou,10.1447,-51.0347,28.08,77,27,6.16,1690382486
1224,petropavlovsk-kamchatsky,41.6388,175.8676,18.01,98,100,11.74,1690382487
1225,port-aux-francais,-69.0314,50.02,-31.28,53,80,7.96,1690382487
1226,papatowai,-86.5558,174.5178,-44.88,94,100,11.49,1690382488
1227,punta arenas,-77.928,-88.724,-31.8,99,100,3.82,1690382488
1228,adamstown,-54.7691,-114.4535,3.17,75,100,10.63,1690382488
1229,waitangi,-69.9589,-147.76,-20.87,100,100,8.06,1690382489
1230,blackmans bay,-48.4854,152.2049,7.84,69,63,12.53,1690382489
1231,hilo,28.5341,-147.4901,22.47,67,44,5.77,1690382489
1232,majene,-4.8211,117.1773,27.12,77,75,7.55,1690382489
1233,yellowknife,63.6011,-120.0633,17.83,48,100,4.69,1690382490
1234,port-aux-francais,-88.6339,80.8765,-51.47,100,100,5.49,1690382490
1235,lompoc,25.6816,-132.6243,20.36,80,100,8.03,1690382490
1236,edinburgh of the seven seas,-66.0797,-1.8505,-22.14,100,62,3.78,1690382491
1237,nishinoomote,29.3292,132.5285,28.34,81,41,5.09,1690382491
1238,arraial do cabo,-31.7688,-37.4361,18.68,87,92,6.46,1690382491
1239,waitangi,-60.6888,-165.2021,3.1,96,100,14.55,1690382492
1240,puerto natales,-60.7515,-111.4103,0.63,88,100,10.28,1690382492
1241,bangui,4.5005,18.3745,30.79,58,20,1.03,1690382493
1242,diego de almagro,-25.4332,-68.8603,4.43,25,24,2.17,1690382493
1243,qaqortoq,59.8842,-34.5476,9.72,89,82,5.57,1690382493
1244,westminster,39.4974,-76.9649,28.83,59,0,1.54,1690382493
1245,vingt cinq,-10.569,60.4579,25.3,82,100,7.6,1690382494
1246,college,76.6681,-154.076,0.34,99,100,2.87,1690382494
1247,termas de rio hondo,-27.4722,-65.0778,16.33,54,0,3.21,1690382494
1248,ekibastuz,52.5562,75.0549,26.69,29,90,3.45,1690382495
1249,nouadhibou,20.0506,-19.0204,23.09,85,100,8.32,1690382496
1250,iqaluit,78.5574,-72.7282,0.85,95,77,5.31,1690382496
1251,lebu,-31.7132,-85.9724,16.78,87,100,4.59,1690382496
1252,sinabang,-3.7149,90.1478,28.03,79,75,9.45,1690382497
1253,anadyr,53.8953,174.8322,9.47,93,100,5.28,1690382497
1254,fortaleza,0.3287,-36.1725,26.53,82,100,8.36,1690382498
1255,waddan,28.7765,17.2434,42.8,5,0,6.72,1690382498
1256,usinsk,65.6339,58.313,17.44,84,100,1.68,1690382499
1257,la passe,-5.6845,57.3955,25.79,86,59,6.25,1690382501
1258,bethel,79.2521,-166.0958,0.43,90,97,2.71,1690382501
1259,wailua homesteads,29.9584,-168.4058,24.71,76,98,6.63,1690382502
1260,nacala,-14.1854,41.9556,25.11,72,4,9.99,1690382502
1261,tiksi,85.3427,137.8256,-0.17,96,100,5.09,1690382502
1262,bethel,89.4664,-172.11,-0.17,94,100,6.66,1690382503
1263,vingt cinq,-7.9778,54.3182,25.16,84,41,6.03,1690382503
1264,badger,80.1935,-138.3833,0.26,98,100,3.15,1690382504
1265,taiohae,-0.7751,-122.4397,25.84,79,72,6.78,1690382504
1266,whitehorse,79.9984,-127.4683,0.53,98,100,4.46,1690382504
1267,save,8.4784,2.1871,29.64,68,88,1.82,1690382504
1268,happy valley-goose bay,50.6928,-60.1249,18.6,46,100,3.57,1690382505
1269,port mathurin,-25.8281,80.9749,20.96,59,81,8.66,1690382505
1270,fale old settlement,-2.0724,-166.0974,27.68,79,46,7.01,1690382505
1271,port-aux-francais,-80.2965,61.7635,-61.25,51,80,4.96,1690382505
1272,olyokminsk,61.4631,119.3659,17.08,71,7,3.7,1690382506
1273,ballina,57.5464,-10.3674,14.47,90,100,11.32,1690382506
1274,bethel,63.9707,-157.435,13.73,88,63,0.6,1690382506
1275,flying fish cove,-17.8594,108.1905,21.34,70,100,11.59,1690382507
1276,carnarvon,-22.68,112.5265,19.52,59,13,10.65,1690382507
1277,coxim,-18.4536,-54.1579,32.86,19,0,2.89,1690382507
1278,papatowai,-59.3052,174.2177,2.57,97,100,16.92,1690382507
1279,kapuskasing,48.7068,-84.1833,17.5,96,100,4.41,1690382508
1280,lata,-9.3406,169.5098,28.8,77,100,8.54,1690382508
1281,georgetown,-8.0316,-6.6211,22.81,76,83,6.27,1690382508
1282,katsuura,30.3892,145.1629,27.28,77,42,4.45,1690382508
1283,atafu village,4.3356,-167.8134,28.33,73,67,7.82,1690382509
1284,ribeira grande,49.5688,-34.6356,15.36,94,100,4.2,1690382509
1285,arawa,-8.0552,154.3069,26.78,87,100,9.56,1690382510
1286,tsiombe,-35.4576,47.0598,15.93,72,0,0.95,1690382510
1287,thompson,82.427,-90.3122,0.61,99,100,5.86,1690382510
1288,grytviken,-72.6034,-28.171,-10.62,95,100,6.05,1690382511
1289,port alfred,-61.9923,37.3885,-3.07,78,100,13.86,1690382511
1290,barreirinha,-3.5831,-56.7349,34.87,30,2,1.93,1690382511
1291,edinburgh of the seven seas,-79.2841,6.7364,-45.32,100,100,4.59,1690382511
1292,alaghsas,16.6562,9.5721,41.17,13,59,3.32,1690382512
1293,yellowknife,63.721,-110.1193,17.13,46,0,6.33,1690382512
1294,port-aux-francais,-74.8332,64.6047,-45.14,60,0,13.03,1690382513
1295,aasiaat,88.5268,-61.2293,0.23,92,100,6.43,1690382513
1296,iqaluit,73.5456,-79.6317,4.33,95,60,0.47,1690382514
1297,adamstown,-54.3372,-109.5782,5.19,90,99,8.74,1690382514
1298,am timan,10.1923,20.7284,23.76,87,100,1.74,1690382514
1299,santa cruz,7.2732,-88.3779,28.31,78,21,3.8,1690382515
1300,malakanagiri,18.2603,81.7724,25.54,93,95,2.08,1690382515
1301,blackmans bay,-68.5838,153.3689,-39.19,95,72,2.99,1690382515
1302,port lincoln,-37.0104,135.5098,13.83,77,99,10.51,1690382515
1303,beau vallon,-23.1905,59.6609,22.6,73,97,2.57,1690382516
1304,port-aux-francais,-58.2673,94.6725,-5.84,78,100,13.91,1690382516
1305,bossangoa,6.1972,17.6671,26.31,73,78,1.54,1690382516
1306,howrah,-46.6511,156.5794,8.13,63,72,11.81,1690382517
1307,sur,23.8138,59.838,28.4,85,100,6.14,1690382517
1308,port-aux-francais,-50.2272,81.7594,2.93,78,100,11.91,1690382517
1309,waitangi,-51.5376,-178.0308,6.15,65,51,8.96,1690382517
1310,isafjordur,84.3589,-22.9094,0.18,98,100,4.99,1690382518
1311,bushland beach,-18.7069,146.9451,22.42,69,66,11.78,1690382518
1312,talnakh,70.9785,95.685,20.12,61,0,4.76,1690382518
1313,lorengau,0.0712,147.6874,28.78,77,93,7.3,1690382519
1314,vilyuchinsk,42.3827,160.5405,15.26,99,100,4.1,1690382519
1315,grytviken,-45.1886,-42.6657,7.63,63,100,10.57,1690382519
1316,longyearbyen,88.3122,25.6814,-0.14,92,99,5.35,1690382520
1317,blackmans bay,-70.2684,152.8369,-50.16,97,50,5.12,1690382520
1318,ponta delgada,32.1121,-26.5671,24.42,71,1,1.56,1690382520
1319,nemuro,39.4248,148.5164,23.22,93,1,5.61,1690382521
1320,dzhalagash,45.0402,64.2373,35.61,20,100,4.34,1690382521
1321,ahau,-12.3552,176.0749,27.62,75,100,8.55,1690382521
1322,sodra sandby,55.7099,16.564,16.69,69,51,9.15,1690382522
1323,qaqortoq,54.6673,-45.4627,8.2,80,100,2.13,1690382523
1324,bamboo flat,11.2598,89.1971,28.01,85,23,10.54,1690382523
1325,puerto natales,-65.4223,-86.2081,-1.48,96,100,14.32,1690382523
1326,olonkinbyen,80.7147,-4.3097,0.25,95,97,3.16,1690382524
1327,lucapa,-7.4152,20.2474,35.27,14,5,2.25,1690382524
1328,el alto,-2.7972,-85.182,23.65,77,100,6.29,1690382524
1329,iqaluit,77.6618,-87.9886,0.96,93,100,2.85,1690382525
1330,waitangi,-84.4968,-159.4114,-30.64,61,60,5.71,1690382525
1331,taiohae,8.9559,-128.3217,25.74,89,100,4.91,1690382526
1332,grytviken,-66.2329,-41.5367,-9.78,95,100,5.65,1690382526
1333,vinita,36.5069,-95.2087,30.49,41,74,9.98,1690382527
1334,sasebo,32.9374,129.5406,28.89,83,15,1.03,1690382527
1335,yarmouth,38.2117,-64.7793,26.46,83,32,5.24,1690382527
1336,ilulissat,80.5558,-50.32,-0.05,84,100,6.52,1690382528
1337,mitu,2.4512,-69.6159,30.43,56,60,0.81,1690382528
1338,sao jose da coroa grande,-10.6322,-31.2196,25.93,73,5,8.03,1690382528
1339,iqaluit,80.1443,-83.6999,8.78,88,68,1.62,1690382529
1340,edinburgh of the seven seas,-61.0708,4.472,-12.93,95,37,4.68,1690382529
1341,longyearbyen,89.2201,8.0301,0.03,93,100,6.54,1690382530
1342,yalta,46.7351,37.3392,25.76,64,0,1.72,1690382530
1343,port-aux-francais,-38.6503,79.5529,13.98,91,100,11.83,1690382530
1344,namibe,-15.2814,10.9997,17.19,83,32,6.79,1690382530
1345,chibougamau,57.4307,-73.7942,11.55,76,99,3.02,1690382530
1346,egilsstadir,68.9874,-15.0259,4.93,90,100,5.62,1690382531
1347,buka,-5.6514,154.3601,27.45,79,81,4.9,1690382531
1348,edinburgh of the seven seas,-46.5388,2.3831,2.13,62,100,16.01,1690382531
1349,blackmans bay,-73.5016,149.5808,-67.99,100,70,3.26,1690382532
1350,blackmans bay,-78.6225,139.9411,-44.43,98,100,6.16,1690382532
1351,sassandra,1.0048,-4.5398,24.93,81,22,7.72,1690382532
1352,coquimbo,-28.1857,-82.0519,16.1,70,100,5.65,1690382533
1353,bethel,77.7327,-169.881,0.29,97,100,3.29,1690382533
1354,georgetown,-2.4765,-19.1369,24.12,80,6,6.4,1690382533
1355,thompson,68.4945,-90.6987,12.87,41,91,6.75,1690382534
1356,kayangel,10.6957,135.4172,27.07,84,100,7.88,1690382534
1357,tiksi,87.9536,116.1009,-0.35,97,100,5.4,1690382535
1358,acapulco de juarez,14.1957,-101.2297,29.63,73,92,5.38,1690382535
1359,vadso,69.8114,29.7094,11.88,82,75,4.12,1690382535
1360,bethel,72.5511,-169.2106,-0.54,99,100,2.03,1690382536
1361,yuzhno-kurilsk,43.7854,153.8021,14.61,99,100,2.95,1690382536
1362,adamstown,-44.9336,-144.5209,8.18,66,88,8.77,1690382536
1363,port-aux-francais,-56.7642,94.3781,-3.84,68,100,11.91,1690382536
1364,manokwari,0.6011,137.9127,28.19,75,82,2.48,1690382537
1365,mendota,36.825,-120.2645,25.98,32,3,3.54,1690382537
1366,edinburgh of the seven seas,-50.6918,-9.6674,0.17,64,100,13.08,1690382537
1367,bandar lampung,-7.1481,102.8385,26.63,76,85,8.44,1690382538
1368,lata,-9.7228,170.9777,27.7,82,100,10.73,1690382538
1369,sitka,51.9033,-140.0838,14.18,84,59,1.82,1690382539
1370,guerrero negro,22.6875,-119.2667,21.68,87,11,2.7,1690382539
1371,solwezi,-13.0816,26.7372,26.28,23,5,3.07,1690382539
1372,susuman,68.6539,153.7835,4.8,85,84,4.88,1690382540
1373,west island,-23.279,83.411,21.46,66,100,11.25,1690382540
1374,port-aux-francais,-47.6185,91.8717,4.96,59,93,4.88,1690382540
1375,invercargill,-81.1292,160.8282,-25.29,76,100,1.48,1690382540
1376,adamstown,-75.4974,-119.6298,-25.76,81,100,4.47,1690382541
1377,colonia,6.8949,142.2335,27.83,80,100,13.27,1690382541
1378,lycksele,65.6858,18.0704,15.53,73,96,1.77,1690382541
1379,la tuque,47.3501,-74.0296,23.33,51,37,4.36,1690382542
1380,cargados carajos,-16.5368,62.2646,24.13,81,25,6.3,1690382542
1381,sipovo,44.0988,16.9721,14.67,89,79,3.03,1690382542
1382,wailua homesteads,23.4994,-173.4157,26.03,79,34,7.59,1690382542
1383,georgetown,-1.9378,-13.9266,23.81,80,71,5.47,1690382543
1384,zhangatas,44.6298,70.0104,35.56,18,8,8.79,1690382544
1385,hawaiian paradise park,30.4027,-141.2967,21.6,79,0,2.33,1690382544
1386,melfort,53.4271,-104.5661,17.62,91,98,0.5,1690382544
1387,puerto natales,-55.7167,-92.4607,3.63,72,100,3.39,1690382545
1388,karratha,-18.2514,114.9891,23.14,64,24,2.51,1690382545
1389,grande prairie,55.6813,-118.8013,11.33,93,99,7.03,1690382546
1390,hamilton,33.5032,-51.6215,25.33,72,100,1.91,1690382547
1391,waliso,8.078,37.8079,18.26,90,84,0.67,1690382547
1392,nuuk,60.1416,-53.9096,5.84,85,100,3.1,1690382548
1393,olonkinbyen,77.5048,-16.3926,0.79,95,2,4.01,1690382548
1394,klyuchi,54.8252,168.597,10.62,95,68,4.99,1690382548
1395,schwedt (oder),53.0741,14.1665,20.07,44,100,4.88,1690382554
1396,cabo san lucas,16.8524,-112.5342,27.78,72,1,2.95,1690382554
1397,gamay,15.8323,129.2902,28.94,77,100,7.58,1690382554
1398,agat village,14.7626,140.2107,28.82,78,100,10.53,1690382555
1399,port-aux-francais,-49.6081,61.7419,4.9,82,84,17.33,1690382555
1400,boguchany,58.7247,97.4564,16.7,93,59,1.44,1690382555
1401,ilulissat,87.2929,-52.5902,0.43,88,100,5.32,1690382556
1402,badger,64.8668,-144.2411,16.94,77,65,1.04,1690382556
1403,nalut,32.3522,10.9923,37.97,31,0,9.25,1690382556
1404,papatowai,-83.1471,165.5476,-36.49,66,90,1.33,1690382557
1405,nguigmi,17.0873,12.2119,41.49,10,11,4.07,1690382557
1406,adamstown,-30.317,-135.6277,15.05,59,48,6.67,1690382557
1407,pathein,16.9961,93.7021,28.53,85,13,6.64,1690382557
1408,newman,-23.1329,126.0308,16.07,41,0,2.0,1690382558
1409,balatonboglar,46.7941,17.6365,22.12,52,59,8.22,1690382559
1410,shizuishan,38.8377,107.8653,26.88,39,99,2.93,1690382559
1411,tocopilla,-22.9007,-69.9635,18.2,27,0,1.01,1690382559
1412,tranovaho,-30.9439,40.9936,18.0,65,0,6.26,1690382560
1413,adamstown,-34.2873,-142.3711,13.04,63,43,3.66,1690382560
1414,bethel,59.8092,-175.1819,8.21,98,100,5.69,1690382560
1415,manokwari,0.7582,137.314,28.3,74,66,2.46,1690382560
1416,hamilton,36.4633,-60.646,26.72,83,7,6.87,1690382561
1417,invercargill,-83.5613,157.2741,-45.54,80,84,6.45,1690382562
1418,hithadhoo,-2.5619,73.4449,28.31,78,84,8.39,1690382562
1419,port-aux-francais,-70.6753,44.7315,-38.8,52,46,9.6,1690382562
1420,klyuchi,57.7115,168.5641,11.69,90,98,6.02,1690382562
1421,wailua homesteads,37.3809,-178.07,22.28,89,77,4.75,1690382563
1422,adamstown,-53.3874,-123.7998,3.05,74,100,8.03,1690382563
1423,mosjoen,66.4332,13.1762,17.08,70,99,2.19,1690382563
1424,lebu,-34.3574,-83.604,14.97,89,100,8.09,1690382563
1425,huesca,42.3177,-0.5715,26.09,26,0,4.47,1690382564
1426,edinburgh of the seven seas,-76.2015,5.7373,-39.05,100,100,3.67,1690382564
1427,udachny,68.0228,115.4268,13.61,52,1,2.08,1690382564
1428,grytviken,-72.2412,-17.5667,-19.63,100,100,6.17,1690382564
1429,port mathurin,-25.2129,81.7771,20.41,63,10,9.85,1690382565
1430,port elizabeth,-74.9895,32.7253,-50.24,100,62,6.79,1690382565
1431,waitangi,-81.0927,-141.2802,-41.25,100,50,1.22,1690382565
1432,waitangi,-58.9859,-158.5024,3.24,88,100,15.9,1690382566
1433,port-aux-francais,-73.8478,47.9334,-49.38,96,10,5.97,1690382566
1434,taiohae,-10.2071,-137.7382,26.48,65,59,7.18,1690382567
1435,dunedin,-49.234,173.1959,7.0,79,100,13.64,1690382568
1436,beyneu,44.0784,56.2129,30.58,32,100,6.03,1690382568
1437,avarua,-39.3114,-157.7711,12.35,80,100,11.08,1690382569
1438,ribeira grande,34.6399,-34.0564,24.32,70,35,2.8,1690382569
1439,margaret river,-39.6722,106.1086,11.26,82,89,10.79,1690382570
1440,keetmanshoop,-25.5072,19.5724,26.39,10,2,7.55,1690382571
1441,puerto natales,-80.734,-108.3151,-29.27,100,100,3.81,1690382571
1442,tazovsky,74.7198,80.2272,3.86,79,98,2.18,1690382572
1443,adamstown,-73.6442,-122.4078,-14.7,97,100,0.67,1690382572
1444,bayston hill,52.6455,-2.8969,16.68,85,100,3.35,1690382572
1445,nuku'alofa,-21.3847,-176.4232,21.15,63,91,6.81,1690382572
1446,edinburgh of the seven seas,-70.262,5.9305,-13.08,80,100,4.34,1690382573
1447,greymouth,-40.6098,169.8988,12.96,73,99,11.82,1690382573
1448,adamstown,-37.9751,-103.7939,13.26,97,100,8.87,1690382573
1449,mount isa,-19.4485,137.2188,20.08,59,87,6.01,1690382574
1450,port-aux-francais,-50.5733,60.9211,3.76,87,77,16.19,1690382574
1451,papatowai,-88.464,164.315,-54.03,100,100,6.69,1690382574
1452,talnakh,82.3543,87.5211,0.09,98,100,3.62,1690382575
1453,tobi village,1.9241,130.816,28.4,75,100,5.42,1690382575
1454,caras,-8.5279,-77.6636,15.86,33,17,0.84,1690382575
1455,adamstown,-59.3347,-128.998,0.86,94,79,8.08,1690382575
1456,espargos,16.8828,-22.4755,24.68,83,32,4.92,1690382576
1457,grytviken,-89.4045,-19.8961,-47.43,100,100,5.45,1690382576
1458,oelwein,42.5924,-91.8032,27.45,83,100,7.72,1690382576
1459,west island,-18.0574,93.3535,21.61,65,96,13.96,1690382576
1460,bilibino,87.0964,156.535,-0.27,98,100,7.67,1690382577
1461,olonkinbyen,83.1279,-18.9364,0.53,98,100,3.88,1690382577
1462,tiksi,83.8976,143.103,-0.55,97,99,4.53,1690382577
1463,kataragama,-1.2385,87.2622,28.84,78,98,7.71,1690382577
1464,at taj,24.2101,21.8915,37.61,8,3,9.14,1690382578
1465,wailua homesteads,37.1793,-176.4466,22.05,91,58,5.75,1690382578
1466,punta arenas,-52.2928,-70.6854,-3.82,84,10,4.56,1690382578
1467,fonte boa,-1.2491,-65.9538,31.71,57,57,0.66,1690382578
1468,paphos,35.1434,31.2712,29.85,60,0,3.48,1690382578
1469,grytviken,-61.1406,-23.5532,-6.23,92,94,7.1,1690382579
1470,opuwo,-17.0845,13.9518,30.66,10,0,2.78,1690382579
1471,port-aux-francais,-45.0434,73.193,9.4,75,15,11.61,1690382579
1472,kodiak,46.3137,-147.7435,13.31,92,97,3.3,1690382579
1473,kathu,8.2389,98.2185,30.05,89,20,4.12,1690382580
1474,puerto deseado,-50.2523,-63.5048,4.43,62,60,9.74,1690382580
1475,karwar,13.9753,73.0242,26.93,78,100,10.37,1690382580
1476,whitehorse,74.3437,-133.1492,0.26,99,100,3.66,1690382580
1477,georgetown,-2.7999,-21.5394,24.45,78,6,6.22,1690382581
1478,selfoss,56.6635,-21.094,13.77,94,100,14.76,1690382581
1479,nemuro,34.0942,160.1763,25.63,83,10,4.17,1690382581
1480,ribeira grande,34.2415,-34.0711,24.81,69,62,3.1,1690382582
1481,tiksi,86.9773,140.233,-0.16,97,100,6.27,1690382582
1482,grytviken,-75.0551,-44.3694,-32.09,99,100,7.94,1690382583
1483,albany,-88.9838,116.1915,-53.1,100,100,4.72,1690382584
1484,ushuaia,-70.2917,-61.0488,-36.11,100,86,1.55,1690382585
1485,puerto ayora,-3.2248,-104.1945,25.32,79,100,8.35,1690382586
1486,tarauaca,-9.8671,-71.298,30.91,44,36,1.97,1690382586
1487,usinsk,70.2294,56.9045,6.85,88,100,6.22,1690382586
1488,adamstown,-25.6177,-121.4205,22.17,83,99,13.83,1690382587
1489,invercargill,-60.9518,158.7346,-1.17,73,100,11.01,1690382587
1490,fall river,44.9437,-63.6166,26.2,64,75,4.63,1690382587
1491,rumphi,-10.7676,33.2033,26.33,22,0,4.45,1690382588
1492,adamstown,-23.6771,-109.4545,22.22,70,96,6.83,1690382589
1493,igarka,67.0984,88.0555,22.25,70,85,4.18,1690382590
1494,shimoda,31.624,140.417,27.11,73,46,0.62,1690382590
1495,ormara,20.9546,64.0904,26.75,87,100,10.23,1690382591
1496,adamstown,-6.6868,-117.3518,25.56,82,42,8.55,1690382591
